100,AUTISM,,,,,,,,,,,,,,,,,,,,,,,,,
101,RECIEVING,,,,,,,,,,,,,,,,,,,,,,,,,
102,WASHROOM,,,,,,,,,,,,,,,,,,,,,,,,,
103,TFJ2O1,TFJ4C1,TFJ3C1,HFA4U1,HFN1O1,HHG4M1,HHS4C1,HHS4U1,HIP4O1,HLS3O1,HNL2O1,HPC3O1,,,,,,,,,,,,,,
104,WASHROOM,,,,,,,,,,,,,,,,,,,,,,,,,
105,STORAGE,,,,,,,,,,,,,,,,,,,,,,,,,
106,WASHROOM,,,,,,,,,,,,,,,,,,,,,,,,,
107,WASHROOM,,,,,,,,,,,,,,,,,,,,,,,,,
108,OTHER,,,,,,,,,,,,,,,,,,,,,,,,,
109,OTHER,,,,,,,,,,,,,,,,,,,,,,,,,
110,CAF,,,,,,,,,,,,,,,,,,,,,,,,,
111,CAF,,,,,,,,,,,,,,,,,,,,,,,,,
112,STAGE,,,,,,,,,,,,,,,,,,,,,,,,,
113,SNACKSHACK,,,,,,,,,,,,,,,,,,,,,,,,,
114,WASHROOM,,,,,,,,,,,,,,,,,,,,,,,,,
115,WASHROOM,,,,,,,,,,,,,,,,,,,,,,,,,
116,CARETAKER,,,,,,,,,,,,,,,,,,,,,,,,,
117,MUSIC ROOM,,,,,,,,,,,,,,,,,,,,,,,,,
118,OTHER,,,,,,,,,,,,,,,,,,,,,,,,,
119,AMG2O1,AMI1O1,AMI1O2,AMI2O1,AMI3M1,AMI4M1,AMR1O1,AMR2O1,AMR3M1,AMR4M1,AMV1O1,AMV2O1,AMV3M1,AMV4M1,,,,,,,,,,,,
120,WASHROOM,,,,,,,,,,,,,,,,,,,,,,,,,
121,WASHROOM,,,,,,,,,,,,,,,,,,,,,,,,,
122,CHANGEROOM,,,,,,,,,,,,,,,,,,,,,,,,,
123,STAFF,,,,,,,,,,,,,,,,,,,,,,,,,
124,PAF3O1,PAF4O1,PPL1O8,PPL1O9,PPL2O8,PPL2O9,PPL3O1,PPL3O2,PPL4O1,,,,,,,,,,,,,,,,,
125,OFFICE,,,,,,,,,,,,,,,,,,,,,,,,,
126,GUIDANCE,,,,,,,,,,,,,,,,,,,,,,,,,
127,CIVCAR,,,,,,,,,,,,,,,,,,,,,,,,,
128,STAFF,,,,,,,,,,,,,,,,,,,,,,,,,
129,STAFF,,,,,,,,,,,,,,,,,,,,,,,,,
130,PRINTER ROOM,,,,,,,,,,,,,,,,,,,,,,,,,
131,GLE1OZ,GLE2OZ,,,,,,,,,,,,,,,,,,,,,,,,
132,WASHROOM,,,,,,,,,,,,,,,,,,,,,,,,,
133,WASHROOM,,,,,,,,,,,,,,,,,,,,,,,,,
134,KCWANZ,KCWBNZ,,,,,,,,,,,,,,,,,,,,,,,,
135,ENG1D1,ENG1P1,ENG1PV,ENG2D1,ENG2P1,ENG3C1,ENG3E1,ENG3U1,ENG4C1,ENG4E1,ENG4U1,ENG4UE,EWC4U1,CIVCAR,NBE3U1,,,,,,,,,,,
136,MULTEXCEPTIONALITIES,,,,,,,,,,,,,,,,,,,,,,,,,
137,ENG1D1,ENG1P1,ENG1PV,ENG2D1,ENG2P1,ENG3C1,ENG3E1,ENG3U1,ENG4C1,ENG4E1,ENG4U1,ENG4UE,EWC4U1,CIVCAR,NBE3U1,,,,,,,,,,,
138,OTHER,,,,,,,,,,,,,,,,,,,,,,,,,
139,OTHER,,,,,,,,,,,,,,,,,,,,,,,,,
140,OTHER,,,,,,,,,,,,,,,,,,,,,,,,,
141,TGJ1O1,TGJ2O1,TGJ3M1,TGJ4M1,,,,,,,,,,,,,,,,,,,,,,
142,OVER,,,,,,,,,,,,,,,,,,,,,,,,,
143,OTHER,,,,,,,,,,,,,,,,,,,,,,,,,
144,TCJ2O1,TCJ2O2,TCJ3E1,TCJ3E2,TCJ4E1,TDJ2O1,TDJ3M1,TDJ4M1,TWJ3E1,TWJ4E1,,,,,,,,,,,,,,,,
145,FORSHOP,,,,,,,,,,,,,,,,,,,,,,,,,
146,STAFF,,,,,,,,,,,,,,,,,,,,,,,,,
147,FORHOSP,,,,,,,,,,,,,,,,,,,,,,,,,
148,TCJ2O1,TCJ2O2,TCJ3E1,TCJ3E2,TCJ4E1,TDJ2O1,TDJ3M1,TDJ4M1,TWJ3E1,TWJ4E1,,,,,,,,,,,,,,,,
149,H WASHROOM,,,,,,,,,,,,,,,,,,,,,,,,,
150,WASHROOM,,,,,,,,,,,,,,,,,,,,,,,,,
151,WASHROOM,,,,,,,,,,,,,,,,,,,,,,,,,
152,CARETAKING,,,,,,,,,,,,,,,,,,,,,,,,,
153,OTHER,,,,,,,,,,,,,,,,,,,,,,,,,
154,ENG1D1,ENG1P1,ENG1PV,ENG2D1,ENG2P1,ENG3C1,ENG3E1,ENG3U1,ENG4C1,ENG4E1,ENG4U1,ENG4UE,EWC4U1,NBE3U1,,,,,,,,,,,,
155,STAFF,,,,,,,,,,,,,,,,,,,,,,,,,
156,TFJ2O1,TFJ3C1,TFJ4C1,,,,,,,,,,,,,,,,,,,,,,,
157,ENG1D1,ENG1P1,ENG1PV,ENG2D1,ENG2P1,ENG3C1,ENG3E1,ENG3U1,ENG4C1,ENG4E1,ENG4U1,ENG4UE,EWC4U1,NBE3U1,,,,,,,,,,,,
158,ICS2O1,ICS3C1,ICS3U1,ICS4C1,ICS4U1,TEJ3M1,TEJ4M1,,,,,,,,,,,,,,,,,,,
159,PAF3O1,PAF4O1,PPL1O8,PPL1O9,PPL2O8,PPL2O9,PPL3O1,PPL3O2,PPL4O1,,,,,,,,,,,,,,,,,
160,WEIGHTRM,,,,,,,,,,,,,,,,,,,,,,,,,
161,MULTI,,,,,,,,,,,,,,,,,,,,,,,,,
200,ASM2O1,AVI1O1,AVI2O1,AVI3M1,AVI3O1,AVI4M1,AWM4M1,AWT3O1,AWT4M1,,,,,,,,,,,,,,,,,
201,STUDENT,success,,,,,,,,,,,,,,,,,,,,,,,,
202,STAFF,,,,,,,,,,,,,,,,,,,,,,,,,
203,TFJ4C1,TFJ3C1,HFA4U1,HFN1O1,HHG4M1,HHS4C1,HHS4U1,HIP4O1,HLS3O1,HNL2O1,HPC3O1,,,,,,,,,,,,,,,
204,STUDENT,success,,,,,,,,,,,,,,,,,,,,,,,,
205,CGC1P1,CGC1PV,CGC1D1,CGU211,CGF3M1,CGG3O1,CGR4E1,CGR4M1,CGW4U1,IDC3O1,IDC4O1,,,,,,,,,,,,,,,
206,ASM2O1,AVI1O1,AVI2O1,AVI3M1,AVI3O1,AVI4M1,AWM4M1,AWT3O1,AWT4M1,AWT4M1,,,,,,,,,,,,,,,,
207,CARETAKING,,,,,,,,,,,,,,,,,,,,,,,,,
208,HANDICAPWR,,,,,,,,,,,,,,,,,,,,,,,,,
209,TEACHER,,,,,,,,,,,,,,,,,,,,,,,,,
210,SMALEWR,,,,,,,,,,,,,,,,,,,,,,,,,
211,SFEMALEWR,,,,,,,,,,,,,,,,,,,,,,,,,
212,FEMALEWR,,,,,,,,,,,,,,,,,,,,,,,,,
213,MALEWR,,,,,,,,,,,,,,,,,,,,,,,,,
214,CHY4U1,CHY4C1,CHW3M1,CHM4E1,CHC2PV,CHI4U1,HRT3M1,HSB4U1,HSP3C1,HSP3U1,HZT4U1,CHA3U1,CHC2D1,CHC2L1,CHC2P1,CIVCAR,NBV3C1,,,,,,,,,
215,LIBRARY,,,,,,,,,,,,,,,,,,,,,,,,,
216,CHY4U1,CHY4C1,CHW3M1,CHM4E1,CHC2PV,CHI4U1,HRT3M1,HSB4U1,HSP3C1,HSP3U1,HZT4U1,CHA3U1,CHC2D1,CHC2L1,CIVCAR,CIVCAR,NBV3C1,,,,,,,,,
217,VACANT,,,,,,,,,,,,,,,,,,,,,,,,,
218,ADA1O1,ADA2O1,ADA3M1,ADA4M1,ADD3M1,ADG4M1,,,,,,,,,,,,,,,,,,,,
219,CHY4U1,CHY4C1,CHW3M1,CHM4E1,CHC2PV,CHI4U1,HRT3M1,HSB4U1,HSP3C1,HSP3U1,HZT4U1,CHA3U1,CHC2D1,CHC2L1,CHC2P1,FSF1D1,FSF1P1,FSF2D1,FSF3U1,FSF4U1,ESLAO1,ESLBO1,ESLCO1,ESLDO1,ESLEO1,NBV3C1
220,CHY4U1,CHY4C1,CHW3M1,CHM4E1,CHC2PV,CHI4U1,HRT3M1,HSB4U1,HSP3C1,HSP3U1,HZT4U1,CHA3U1,CHC2D1,CHC2L1,CHC2P1,CIVCAR,NBV3C1,,,,,,,,,
221,FSF1D1,FSF1P1,FSF2D1,FSF3U1,FSF4U1,,,,,,,,,,,,,,,,,,,,,
222,TEACHER,,,,,,,,,,,,,,,,,,,,,,,,,
223,ELS2OZ,ENG1D1,ENG1L1,ENG1P1,ENG1PV,ENG2D1,ENG2L1,ENG2P1,ENG2PV,ENG3C1,ENG3C2,ENG3E1,ENG3U1,ENG3U2,ENG4C1,ENG4E1,ENG4U1,ENG4UE,EPS3OZ,ETS4U1,EWC4U1,,,,,
224,CARETAKING,,,,,,,,,,,,,,,,,,,,,,,,,
225,FEMALEWR,,,,,,,,,,,,,,,,,,,,,,,,,
226,MALEWR,,,,,,,,,,,,,,,,,,,,,,,,,
227,ELS2OZ,ENG1D1,ENG1L1,ENG1P1,ENG1PV,ENG2D1,ENG2L1,ENG2P1,ENG2PV,ENG3C1,ENG3C2,ENG3E1,ENG3U1,ENG3U2,ENG4C1,ENG4E1,ENG4U1,ENG4UE,EPS3OZ,ETS4U1,EWC4U1,NBE3U1,,,,
228,MAP4C1,MAT1L1,MAT2L1,MBF3C1,MCF3M1,MCR3U1,MCT4C1,MCV4U1,MDM4U1,MEL3E1,MEL4E1,MFM1P1,MFM1PV,MFM2P1,MFM2P1,MFM2PV,MHF4U1,MPM1D1,MPM2D1,,,,,,,
229,VACANT,,,,,,,,,,,,,,,,,,,,,,,,,
230,TEACHER,,,,,,,,,,,,,,,,,,,,,,,,,
231,MAP4C1,MAT1L1,MAT2L1,MBF3C1,MCF3M1,MCR3U1,MCT4C1,MCV4U1,MDM4U1,MEL3E1,MEL4E1,MFM1P1,MFM1PV,MFM2P1,MFM2P1,MFM2PV,MHF4U1,MPM1D1,MPM2D1,,,,,,,
232,MAP4C1,MAT1L1,MAT2L1,MBF3C1,MCF3M1,MCR3U1,MCT4C1,MCV4U1,MDM4U1,MEL3E1,MEL4E1,MFM1P1,MFM1PV,MFM2P1,MFM2P1,MFM2PV,MHF4U1,MPM1D1,MPM2D1,,,,,,,
233,MAP4C1,MAT1L1,MAT2L1,MBF3C1,MCF3M1,MCR3U1,MCT4C1,MCV4U1,MDM4U1,MEL3E1,MEL4E1,MFM1P1,MFM1PV,MFM2P1,MFM2P1,MFM2PV,MHF4U1,MPM1D1,MPM2D1,,,,,,,
234,MAP4C1,MAT1L1,MAT2L1,MBF3C1,MCF3M1,MCR3U1,MCT4C1,MCV4U1,MDM4U1,MEL3E1,MEL4E1,MFM1P1,MFM1PV,MFM2P1,MFM2P1,MFM2PV,MHF4U1,MPM1D1,MPM2D1,,,,,,,
300,ICS2O1,ICS3C1,ICS3U1,ICS4C1,ICS4U1,,,,,,,,,,,,,,,,,,,,,
301,TEACHER,,,,,,,,,,,,,,,,,,,,,,,,,
302,BTT1O1,BBI2O1,BAI3E1,BDI3C1,BMI3C1,BAF3M1,BTA3O1,BAN4E1,BOG4E1,BAT4M1,BBB4M1,BOH4M1,CIA4U1,,,,,,,,,,,,,
303,CLU3M1,CIA4U1,CLN4U1,BBI2O1,BAI3E1,BDI3C1,BMI3C1,BAF3M1,BTA3O1,BAN4E1,BOG4E1,BAT4M1,BBB4M1,BOH4M1,CIA4U1,,,,,,,,,,,
304,CGC1P1,CGC1PV,CGC1D1,CGU211,CGF3M1,CGG3O1,CGR4E1,CGR4M1,CGW4U1,IDC3O1,IDC4O1,,,,,,,,,,,,,,,
305,TEACHER,,,,,,,,,,,,,,,,,,,,,,,,,
306,CARETAKING,,,,,,,,,,,,,,,,,,,,,,,,,
307,HANDICAPWR,,,,,,,,,,,,,,,,,,,,,,,,,
308,TEACHER,,,,,,,,,,,,,,,,,,,,,,,,,
309,SMALEWR,,,,,,,,,,,,,,,,,,,,,,,,,
310,SFEMALEWR,,,,,,,,,,,,,,,,,,,,,,,,,
311,FEMALEWR,,,,,,,,,,,,,,,,,,,,,,,,,
312,MALEWR,,,,,,,,,,,,,,,,,,,,,,,,,
313,TEACHER,,,,,,,,,,,,,,,,,,,,,,,,,
314,SNC2D1,SNC2PV,SNC2P1,SNC2L1,SNC1D1,SNC1PV,SNC1P1,SNC1L1,SBI3U1,SBI4U1,SBI3C1,,,,,,,,,,,,,,,
315,VACANT,,,,,,,,,,,,,,,,,,,,,,,,,
316,SNC2D1,SNC2PV,SNC2P1,SNC2L1,SNC1D1,SNC1PV,SNC1P1,SNC1L1,SPH3U1,SPH4C1,SPH4U1,,,,,,,,,,,,,,,
317,SNC2D1,SNC2PV,SNC2P1,SNC2L1,SNC1D1,SNC1PV,SNC1P1,SNC1L1,SCH3U1,SCH4C1,SCH4U1,,,,,,,,,,,,,,,
318,SNC2D1,SNC2PV,SNC2P1,SNC2L1,SNC1D1,SNC1PV,SNC1P1,SNC1L1,,,,,,,,,,,,,,,,,,
319,SNC2D1,SNC2PV,SNC2P1,SNC2L1,SNC1D1,SNC1PV,SNC1P1,SNC1L1,,,,,,,,,,,,,,,,,,
*check if data needs computers,,,,,,,,,,,,,,,,,,,,,,,,,,
*303 with buisness clases???,,,,,,,,,,,,,,,,,,,,,,,,,,
"*where is ESL taught, for now in ENG rooms",,,,,,,,,,,,,,,,,,,,,,,,,,
*What alt ed,,,,,,,,,,,,,,,,,,,,,,,,,,
