St Name,St Gender,St Num,Grade,C1,C2,C3,C4,C5,C6,C7,C8,C9,C10,crs_count
"Maugham, Marley",M,561167616,10,BBI2O1,CHC2D1,CIVCAR,ENG2D1,ESLEO1,FSF2D1,MPM2D1,PPL2O8,SNC2D1,ZLUN21,11
"Mueller, Titus",M,480009971,12,CGW4U1,ENG3U1,ENG4U1,HSB4U1,HZT4U1,SHAL.1,ZLUN41,ZLUN42,,,8
"Carbaugh, Jaylee",M,403805345,10,ASM2O1,BBI2O1,CHC2P1,CIVCAR,ENG2D1,MFM2P1,SNC2P1,TFJ2O1,ZLUN21,ZLUN22,10
"Toke, Huey",F,475235203,9,AVI1O1,CGC1P1,ENG1P1,FSF1P1,MFM1P1,PPL1O9,SNC1P1,TIJ1O1,ZLUN11,ZLUN12,10
"Ritter, Peronel",M,683957683,9,ADA1O1,BTT1O1,CGC1D1,ENG1D1,FSF1D1,MPM1D1,PPL1O8,SNC1D1,ZLUN11,ZLUN12,10
"Shaffer, Cyan",F,989900946,9,AVI1O1,CGC1D1,ENG1D1,FSF1P1,HFN1O1,MPM1D1,PPL1O8,SNC1D1,ZLUN11,ZLUN12,10
"Dugmore, Sherrie",M,440608398,12,ENG4U1,MCV4U1,MHF4U1,SBI4U1,SCH4U1,SPH4U1,ZLUN41,ZLUN42,,,8
"Butt, Wyatt",F,768134471,10,AMG2O1,BBI2O1,CHC2D1,CIVCAR,ENG2D1,FSF2D1,MPM2D1,SNC2D1,ZLUN21,ZLUN22,10
"Wilkerson, Edweena",F,338161784,12,CGR4M=,SHAL.1,,,,,,,,,2
"Holtzer, Estella",F,962682846,10,AMG2O1,CHC2D1,CIVCAR,ENG2D1,MFM2P1,PPL2O9,SNC2D1,TGJ2O1,ZLUN21,ZLUN22,10
"Merryman, Shantae",F,418251984,11,BMI3C1,CGF3M1,CLU3M1,ENG3U1,HSP3U1,MCR3U1,SBI3U1,SCH3U1,ZLUN31,ZLUN32,10
"Ring, Ariane",F,158532669,10,AMI2O1,CHC2D1,CHV2O1,ENG2D1,GLC2O1,ICS2O1,MPM2D1,PPL2O9,SNC2D1,ZLUN21,11
"Caesar, Chantal",M,967649206,10,BBI2O1,CHC2D1,CIVCAR,ENG2D1,FSF2D1,ICS2O1,MPM2D1,SNC2D1,ZLUN21,ZLUN22,10
"Myers, Violet",M,807192097,12,BOH4M1,CLN4U1,ENG4U1,FSF4U1,HSB4U1,MDM4U1,TGJ4M1,ZLUN41,ZLUN42,,9
"Isaman, Clancy",F,558888701,11,ADA2O1,BMI3C1,ENG2PC,ENG3C1,MEL3E1,PPL3O1,SBI3C1,ZLUN31,ZLUN32,,9
"Harris, Susie",M,214167873,9,AVI1O1,CGC1D1,ENG1D1,FSF1D1,MFM1P1,PPL1O9,SNC1D1,TIJ1O1,ZLUN11,ZLUN12,10
"Lucy, Cornelia",M,294268407,10,CHC2P1,CIVCAR,ENG2P1,GLE2O1,MFM2P1,PPL2O8,SNC2P1,TFJ2O1,ZLUN21,ZLUN22,10
"Marcotte, Cuthbert",F,207458370,9,BTT1O1,CGC1D1,ENG1D1,FSF1P1,MFM1P1,PPL1O9,SNC1P1,TIJ1O1,ZLUN11,ZLUN12,10
"Berkheimer, Alexandria",M,274523232,11,ENG3C1,GLE3O1,MBF3C1,MFM2P1,NBV3C1,PAF3O1,PPL3O1,TCJ3C1,ZLUN31,ZLUN32,10
"Haynes, Jackalyn",M,126329313,12,AWM4M1,ENG4U1,MCV4U1,MHF4U1,PPL4O1,SBI4U1,SCH4U1,ZLUN41,ZLUN42,,9
"Hil, Emmaline",F,224573747,12,CHY4C1,CLN4U1,ENG4C1,HZT4U1,MEL4E1,PAF3O1,PAF4O1,PPL4O1,ZLUN41,ZLUN42,10
"Wallick, Katelynn",F,371970381,9,AMI1O1,CGC1D1,ENG1D1,FSF1D1,MFM1P1,PPL1O8,SNC1P1,TGJ1O1,ZLUN11,ZLUN12,10
"Ray, Haley",M,748900195,11,ADA3M1,CLU3M1,ENG3C1,GLE3O1,HPC3O1,HSP3C1,MBF3C1,TFJ3C1,ZLUN31,ZLUN32,10
"Ward, Earl",M,581466056,11,AVI3M1,CLU3M1,ENG3C1,HPC3O1,MEL3E1,NBV3C1,TDJ3M1,TFJ3C1,ZLUN31,ZLUN32,10
"Earhart, Aspen",F,600935218,12,ENG4U1,EWC4U1,MCV4U1,MHF4U1,PSE4U1,SBI4U1,SCH4U1,SPH4U1,ZLUN41,ZLUN42,10
"Minnie, Lauressa",F,749008505,11,BMI3C1,ENG3C1,GLE3O1,MBF3C1,PPL3O1,SVN3M1,TCJ3C1,TWJ3E1,ZLUN31,ZLUN32,10
"Jowers, Frederick",F,565686033,12,CGW4U1,ENG4U1,EWC4U1,HHG4M1,HSB4U1,MDM4U1,PPL4O1,SHAL.1,ZLUN41,ZLUN42,10
"Geddinge, Johnny",F,538280775,9,AVI1O1,CGC1D1,ENG1D1,FSF1D1,MPM1D1,PPL1O9,SNC1D1,TIJ1O1,ZLUN11,ZLUN12,10
"Lazzo, Jaime",M,761279988,11,AVI2O1,AVI3M1,BTA3O1,ENG3U1,HSP3U1,MCF3M1,SBI3U1,SCH3U1,ZLUN31,ZLUN32,10
"Wain, Kayla",M,570818404,9,AMI1O2,AMR1O1,AVI1O1,CGC1D1,ENG1D1,FSF1D1,MPM1D1,PPL1O8,SNC1D1,ZLUN11,11
"Owen, Keshia",F,553401068,11,AWT3O1,ENG3U1,HSP3U1,MCR3U1,SBI3U1,SCH3U1,SPH3U1,TDJ3M1,ZLUN31,ZLUN32,10
"Goldvogel, River",M,533098492,12,ENG1PB,ENG2PK,PPL1OB,,,,,,,,3
"Cowper, Oralie",F,675244478,12,AVI4M1,ENG4C1,GLE4O1,MEL4E1,TCJ4C1,TWJ3E1,ZLUN41,ZLUN42,,,8
"Scott, Emilee",F,433106184,12,ENG3CX,GLE2OX,SHAL.1,,,,,,,,3
"Randolph, Katee",F,695115637,11,AVI3M1,AWQ3O1,ENG2D1,ENG3U1,MCF3M1,SBI3U1,SCH3U1,TDJ3M1,,,8
"Burch, Maximillian",M,568209442,12,BBI2O1,BMI3C1,BTA3O1,ENG4C1,HSP3C1,MAP4C1,MBF3C1,PPL3O1,ZLUN31,ZLUN32,10
"Staymates, Roberta",F,708998939,11,ENG3C1,GLE3O1,HPC3O1,HRT3M1,HSP3C1,MEL3E1,NBV3C1,TCJ2O2,ZLUN31,ZLUN32,10
"Sanner, Shelagh",F,507523391,10,ADA2O1,CHC2D1,CIVCAR,ENG2P1,MFM2P1,PPL2O9,SNC2P1,TFJ2O1,ZLUN21,ZLUN22,10
"Fulton, Charlton",F,758382421,9,AVI1O1,BTT1O1,CGC1P1,ENG1P1,GLE1O1,MFM1P1,PPL1O9,SNC1P1,ZLUN11,ZLUN12,10
"Wilson, Amabel",F,319349755,11,ENG3U1,HSP3U1,MCF3M1,PAF3O1,PPL3O1,SBI3U1,SCH3U1,SPH3U1,ZLUN31,ZLUN32,10
"Rummel, Lyndsea",F,286920238,10,CGD3M1,CHC2D1,CHV2O1,ENG2D1,GLC2O1,MPM2D1,PAF3O1,PPL2O8,SNC2D1,ZLUN21,11
"Williamson, Dudley",F,457301591,10,BBI2O1,CHC2D1,CIVCAR,ENG2D1,MPM2D1,PPL2O8,SNC2D1,TFJ2O1,ZLUN21,ZLUN22,10
"Whitten, Brand",M,273992901,9,AVI1O1,CGC1P1,ENG1P1,GLE1O1,MFM1P1,PPL1O9,SNC1P1,TIJ1O1,ZLUN11,ZLUN12,10
"Walker, Orson",M,932820578,12,AVI3M1,CGW4U1,CHY4U1,ETS4U1,ZLUN41,ZLUN42,,,,,6
"Hamilton, Tiffani",M,888034020,11,ENG3U1,HHG4M1,HPC3O1,HSP3U1,MCF3M1,MFM2P1,PPL3O1,SBI3U1,ZLUN31,ZLUN32,10
"Stocker, Zinnia",F,873832688,9,ADA1O1,AVI1O1,CGC1D1,ENG1D1,FSF1D1,MPM1D1,PPL1O8,SNC1D1,ZLUN11,ZLUN12,10
"Spring, Laraine",M,976057658,12,AVI3M1,AWM4M1,BTA3O1,ENG3C1,ENG4C1,MBF3C1,TFJ3C1,TGJ3M1,ZLUN41,ZLUN42,10
"Zundel, Beryl",M,896231681,11,ENG2DC,ENG3U1,FSF3U1,MCR3U1,SBI3U1,SCH3U1,SPH3U1,ZLUN31,ZLUN32,,9
"Swartzbaugh, Marvin",F,585076046,12,CGR4M=,SHAL.1,,,,,,,,,2
"Mixey, Jonty",F,887713287,9,BTT1O1,CGC1D1,ENG1D1,FSF1D1,MPM1D1,PPL1O9,SNC1D1,TGJ1O1,ZLUN11,ZLUN12,10
"Sholl, Jarred",F,656763894,11,ADA3M1,CLU3M1,HSP3U1,MCF3M1,NBE3U1,PPL3O1,SBI3U1,SCH3U1,ZLUN31,ZLUN32,10
"Pawle, Almira",F,280361050,11,CLU3M1,FSF3U1,HSP3U1,MCF3M1,NBE3U1,PAF3O1,SBI3U1,SCH3U1,ZLUN31,ZLUN32,10
"Leslie, Racquel",M,723762934,12,AWM4M1,CHY4C1,ENG4C1,GLE4O1,HIP4O1,HSP3C1,OLC4O1,TCJ2O1,ZLUN41,ZLUN42,10
"Style, Valorie",M,301001233,9,AVI1O1,BTT1O1,CGC1PV,ENG1PV,MFM1PV,PPL1O9,SNC1PV,TGJ1O1,ZLUN11,ZLUN12,10
"Armstrong, Ralf",F,682303975,12,CLN4U1,HFA4U1,ZLUN41,ZSM1..,,,,,,,4
"Briner, Yasmin",M,143435011,11,ASM2O1,CLU3M1,COP3X0,ENG3U1,MEL3E1,PPL3O1,TCJ3C1,ZLUN31,ZLUN32,,9
"Hoopengarner, Arleen",F,109122799,10,CHC2P1,CIVCAR,ENG2D1,GLE2O1,LWSBD1,MFM2P1,SNC2P1,ZLUN21,ZLUN22,,9
"Haverrman, Misti",F,123289940,12,ENG4U1,HHS4U1,MAP4C1,SCH4C1,SPH3U1,ZLUN41,ZLUN42,,,,7
"Thomlinson, Robbie",M,871498962,10,KBBANR,KCCANR,KCWANR,KENANR,KGLANR,KGWANR,KHDANR,KHIANR,ZLUN31,ZLUN32,10
"Seidner, Dayna",F,544686318,12,CGW4U1,CLN4U1,ENG4U1,HHG4M1,HHS4U1,HSB4U1,ZLUN41,ZLUN42,,,8
"Hatfield, Wolf",F,632419041,12,ENG4C1,HHG4M1,HSB4U1,HZT4U1,MCT4C1,PPL4O1,SBI3C1,ZLUN41,ZLUN42,,9
"Kemble, Kristeen",M,960636665,12,AMI4M1,AMR4M1,AVI4M1,AWM4M1,BAF3M1,ENG4C1,MAP4C1,PPL4O1,YYY4X1,ZLUN41,10
"Stroh, Jaden",M,550593056,12,AVI4M1,CGW4U1,ENG4U1,HFA4U1,HHG4M1,SES4U1,ZLUN41,ZLUN42,,,8
"Keppel, Babs",F,665571067,10,CHC2D1,CIVCAR,ENG2D1,MPM2D1,PPL2O9,SNC2D1,TCJ2O1,TCJ2O2,ZLUN21,ZLUN22,10
"Anderson, Colleen",F,486699436,11,ENG3C1,HSP3C1,MBF3C1,NBV3C1,PPL3O1,SBI3C1,TFJ2OT,ZLUN31,ZLUN32,,9
"Gaskins, Maggie",F,669259685,12,CHY4C1,ENG4C1,ICS4C1,MAP4C1,PAF4O1,PPL4O1,TFJ4C1,ZLUN41,ZLUN42,,9
"Baumgartner, Omega",F,990392200,9,AMG2O1,CGC1D1,ENG1D1,GLE1O1,MFM1P1,PPL1O9,SNC1D1,TIJ1O1,ZLUN11,ZLUN12,10
"Doverspike, Nichole",M,784071506,12,AVI3M1,AWM4M1,ENG4C1,HRT3M1,MCT4C1,MDM4U1,SVN3M1,ZLUN41,ZLUN42,,9
"Hutton, Netta",M,358599423,12,BAT4M1,BBB4M1,CIA4U1,ENG4U1,MCV4U1,MHF4U1,PPL4O1,ZLUN41,ZLUN42,,9
"Draudy, Duana",F,891238857,11,CHW3M1,ENG4U1,ICS3U1,MCR3U1,SBI3U1,SCH3U1,SPH4U1,TEJ3M1,ZLUN32,,9
"Bratton, Ada",F,424537060,11,ASM2O1,CLU3M1,COP3X6,ENG3U2,GPP3O2,MCR3U1,PAD3O2,PPL3O2,YYY4X1,ZLUN31,10
"Wilkins, Asia",F,346224202,11,AVI3M1,AWQ3O1,ENG3U1,MCF3M1,PAF3O1,PPL3O1,SCH3U1,TEJ3M1,ZLUN31,ZLUN32,10
"Maclagan, Stu",F,870375202,11,AWT3O1,ENG3C1,HSP3C1,MEL3E1,PPL3O1,SBI3C1,SCH4C1,SHAL.1,ZLUN31,ZLUN32,10
"Judge, Clarity",F,481136218,11,BAF3M1,ENG3U1,HSP3U1,MCR3U1,PPL3O1,SBI3U1,SCH3U1,SPH3U1,ZLUN31,ZLUN32,10
"Close, Anson",F,299517067,9,BTT1O1,CGC1D1,ENG1D1,FSF1D1,HFN1O1,MPM1D1,PPL1O9,SNC1D1,ZLUN11,ZLUN12,10
"Pennington, Norma",F,203900303,11,ADA3M1,ENG3U1,MBF3C1,MFM2P1,PAF3O1,PPL3O1,TFJ3C1,TWJ3E1,ZLUN31,ZLUN32,10
"Buttermore, Shiloh",F,758980177,10,ASM2O1,CHC2D1,CIVCAR,ENG2D1,MFM2P1,PPL2O9,SNC2D1,TEJ2O1,ZLUN21,ZLUN22,10
"Bridger, Judie",M,715221867,11,CGF3M1,ENG3U1,MCR3U1,PAF3O1,SCH3U1,SPH3U1,TCJ3C1,TDJ3M1,ZLUN31,ZLUN32,10
"Sullivan, Marlowe",M,724923210,10,CHC2D1,CIVCAR,ENG2D1,MPM2D1,PPL2O9,SNC2D1,TCJ2O2,TGJ2O1,ZLUN21,ZLUN22,10
"Carmichael, Phillida",M,361030574,11,CGR4M=,SHAL.1,,,,,,,,,2
"Zadovsky, Beatrix",M,180344928,12,COP4X0,ENG4C1,HHG4M1,HIP4O1,MAP4C1,ZLUN41,ZLUN42,,,,7
"Fryer, Tyrese",M,379641452,11,CHW3M1,CLU3M1,ENG3C1,HSP3C1,MBF3C1,PAF3O1,SVN3M1,TFJ3C1,ZLUN41,ZLUN42,10
"Coates, Sarina",M,247368252,9,CGC1D1,ENG1D1,FSF1D1,MPM1D1,PPL1O9,SNC1D1,TGJ1O1,TIJ1O1,ZLUN11,ZLUN12,10
"Ewing, Kiefer",F,648841528,12,COP4X9,ENG4C1,MAP4C1,PPL4O1,ZLUN41,ZLUN42,,,,,6
"Patterson, Alice",M,687124179,12,ENG3CB,ENG4CK,,,,,,,,,2
"Tomco, Chloe",M,200479339,11,AVI3M1,AWQ3O1,ENG3U1,FSF3U1,MBF3C1,SBI3U1,SCH3U1,TEJ2O1,ZLUN31,ZLUN32,10
"Mays, Teddy",F,166692471,12,KBBANR,KCCANR,KCWANR,KENANR,KGLANR,KGWANR,KHDANR,KHIANR,ZLUN31,ZLUN32,10
"Schmiel, Karissa",F,139150427,9,AMI1O2,BTT1O1,CGC1D1,ENG1D1,FSF1D1,MPM1D1,PPL1O9,SNC1D1,ZLUN11,ZLUN12,10
"Mcloskey, Baptist",F,985474010,12,BAF3MC,BAT4M1,BBB4M1,ENG4U1,HSB4U1,MCV4U1,MHF4U1,ZLUN41,ZLUN42,,9
"Gregory, Hammond",F,171415561,9,AVI1O1,BTT1O1,CGC1D1,ENG1D1,FSF1D1,MPM1D1,PPL1O8,SNC1D1,ZLUN11,ZLUN12,10
"Hooker, Olyvia",M,617365054,10,CHC2D1,CIVCAR,ENG2D1,FSF2D1,MFM2P1,PPL2O8,SNC2D1,TGJ2O1,ZLUN21,ZLUN22,10
"Oppie, Sharon",M,659422387,10,BBI2O1,CHC2D1,CIVCAR,ENG2D1,MPM2D1,PPL2O9,SNC2D1,TFJ2O1,ZLUN21,ZLUN22,10
"Rowe, Trevelyan",M,723480964,12,CHY4U1,ENG4UE,ETS4U1,EWC4U1,HSB4U1,HZT4U1,MDM4U1,PPL4O1,ZLUN41,ZLUN42,10
"Lotherington, Tom",F,153802920,12,CGW4U1,ENG4U1,HHG4M1,HHS4U1,HZT4U1,MDM4U1,ZLUN41,ZLUN42,,,8
"Rodacker, Thad",F,912964946,11,AMG2O1,AMI3M1,AMR3M1,AMV3M1,CHW3M1,ENG3U1,HRT3M1,HSP3U1,MCF3M1,ZLUN31,11
"Pickering, Lawson",M,320203393,10,BBI2O1,CHC2D1,CIVCAR,ENG2D1,MPM2D1,SNC2D1,TFJ2O1,TGJ2O1,ZLUN21,ZLUN22,10
"Tennant, Kimberleigh",M,774056140,10,ASM2O1,AVI2O1,CHC2D1,CIVCAR,ENG2D1,MPM2D1,PPL2O8,SNC2D1,ZLUN21,ZLUN22,10
"Mosser, Michelyne",F,542119319,12,AMR4M1,ENG4U1,MCV4U1,MHF4U1,PPL4O1,SCH4U1,SES4U1,SPH4U1,ZLUN41,ZLUN42,10
"Newman, Marcie",M,924867350,9,AMI1O2,AMR1O1,BTT1O1,CGC1D1,ENG1D1,FSF1D1,MPM1D1,PPL1O9,SNC1D1,ZLUN11,11
"Yonkie, Leta",F,110951358,9,AVI1O1,CGC1P1,ENG1P1,GLE1O1,MFM1P1,PPL1O9,SNC1P1,TIJ1O1,ZLUN11,ZLUN12,10
"Reamer, Celandine",F,662454446,12,CGW4U1,ENG4U1,ZLUN41,ZSM1..,,,,,,,4
"Joyce, Chasity",M,785874906,12,CHY4U1,CLN4U1,ETS4U1,MCF3M1,MDM4U1,PSE4U1,SBI4U1,ZLUN41,ZLUN42,,9
"Zalack, Kailey",M,213354977,12,CGR4M=,SHAL.1,,,,,,,,,2
"Atweeke, Sheelagh",M,382077896,10,CHC2P1,CHV2O1,ENG2P1,GLC2O1,MFM2P1,PPL2O9,SNC2P1,TCJ2O1,TFJ2O1,ZLUN21,11
"Light, Garry",M,518529065,11,AMI1O2,AMI3M1,CHC2P1,CHV2O1,ESLAO1,GLC2O1,MPM2D1,PPL3O1,SNC2D1,ZLUN31,11
"Poley, Harvie",F,179462700,11,KBBANR,KCCANR,KCWANR,KENANR,KGLANR,KGWANR,KHDANR,KHIANR,ZLUN31,ZLUN32,10
"Baker, Kaelea",F,126722378,10,AVI2O1,CHC2D1,CIVCAR,ENG2D1,FSF2D1,MPM2D1,SNC2D1,TEJ2O1,ZLUN21,ZLUN22,10
"Burris, Corbin",F,136456413,11,BAF3M1,CGF3M1,CHW3M1,ENG3U1,MCR3U1,MDM4U1,SBI3U1,SCH3U1,ZLUN31,ZLUN32,10
"Jones, Tallulah",M,810362174,12,AVI4M1,AWM4M1,BAF3M1,HIP4O1,MAP4C1,ZLUN41,ZLUN42,,,,7
"Laurenzi, Radcliff",F,878603160,10,AVI2O1,CHC2D1,CIVCAR,ENG2D1,MPM2D1,PPL2O8,SNC2D1,TCJ2O2,ZLUN21,ZLUN22,10
"Wickes, Rosalynne",F,252807786,11,BAF3M1,BBI2OC,ENG3U1,ESLEO1,HSP3U1,MCR3U1,MDM4U1,ZLUN31,ZLUN32,,9
"Wiggins, Debbi",F,365983533,12,ENG4U1,HFA4U1,HSB4U1,MDM4U1,PAF4O1,PSE4U1,SBI4U1,ZLUN41,ZLUN42,,9
"Schaeffer, Selby",M,235981125,10,ADA2O1,AWQ3O1,CHC2P1,CIVCAR,ENG2D1,MFM2P1,SNC2D1,TFJ2O1,ZLUN21,ZLUN22,10
"Foster, Roslyn",F,748936391,9,AVI1O1,CGC1P1,ENG1P1,MFM1P1,PPL1O9,SNC1D1,TGJ1O1,TIJ1O1,ZLUN11,ZLUN12,10
"Lowry, Caryl",F,683732140,9,ADA1O1,AMV1O1,CGC1D1,ENG1D1,FSF1D1,MFM1P1,PPL1O8,SNC1P1,ZLUN11,ZLUN12,10
"Mcdonald, Hughie",M,250907914,9,CGC1D1,ENG1D1,FSF1D1,MPM1D1,PPL1O9,SNC1D1,TGJ1O1,TIJ1O1,ZLUN11,ZLUN12,10
"Quirin, Trecia",M,719734184,12,ENG4U1,ETS4U1,FSF4U1,HHG4M1,HHS4U1,HZT4U1,MDM4U1,PPL4O1,ZLUN41,ZLUN42,10
"Sherlock, Ileen",F,978377838,12,BOH4M1,ENG4U1,HFA4U1,HHG4M1,MDM4U1,SBI4U1,SPH3U1,ZLUN41,ZLUN42,,9
"Biery, Lizzie",M,474369671,11,BMI3C1,COP3X6,ENG3U2,GPP3O2,HIP4O1,HSP3U1,MBF3C1,PAD3O2,PPL3O2,YYY4X1,11
"Stephenson, Crawford",F,295459200,12,AMI4M1,AMR4M1,ENG4U1,HHG4M1,MCV4U1,MHF4U1,SBI4U1,SCH4U1,ZLUN41,ZLUN42,10
"Osteen, Travers",F,536268662,12,ENG3CB,GLE3OB,SHAL.1,,,,,,,,3
"Conkle, Lisha",M,755110001,12,CIA4U1,CLN4U1,ENG4UE,ETS4U1,HSB4U1,HZT4U1,ZLUN41,ZLUN42,,,8
"Archibald, Darrin",M,258878906,11,BMI3C1,CHW3M1,CLU3M1,ENG3U1,HHG4M1,HSP3U1,MCF3M1,PPL3O1,ZLUN31,ZLUN32,10
"Koster, Abe",M,372503259,9,AVI1O1,CGC1D1,ENG1D1,FSF1D1,MPM1D1,PPL1O8,SNC1D1,TGJ1O1,ZLUN11,ZLUN12,10
"Marriman, Montana",M,959081124,10,ASM2O1,BBI2O1,CGD3M1,CHC2P1,CIVCAR,ENG2D1,MFM2P1,SNC2D1,ZLUN21,ZLUN22,10
"Whittier, Roydon",M,365663454,9,ADA1O1,CGC1D1,ENG1D1,FSF1D1,MPM1D1,PPL1O9,SNC1D1,TIJ1O1,ZLUN11,ZLUN12,10
"Warrick, Oneida",F,549114850,10,AVI2O1,CHC2P1,CIVCAR,ESLCO1,ICS2O1,MPM2D1,PPL2O9,SNC2D1,ZLUN21,ZLUN22,10
"Trevithick, Candace",M,123367458,12,PPL4O1,SPH4U1,TGJ3M1,ZLUN41,ZSM1..,,,,,,5
"Byers, Amity",M,164575927,12,CGR4M=,SHAL.1,,,,,,,,,2
"Barnes, Adelaide",F,775635843,10,AVI2O1,AWT3O1,CGD3M1,CHC2D1,ENG2D1,FSF2D1,MPM2D1,SNC2D1,ZLUN21,ZLUN22,10
"Simmons, Iona",M,444372776,12,ENG4C1,HIP4O1,MAP4C1,SBI3C1,SCH4C1,TFJ4C1,ZLUN41,ZLUN42,,,8
"Hunter, Norton",F,813427562,12,ENG4C1,GLE4O1,HIP4O1,NBV3C1,SBI3C1,TFJ3C1,TFJ4C1,ZLUN42,,,8
"Callison, Quin",F,191761777,12,AVI4M1,AWM4M1,ENG4U1,HFA4U1,MCV4U1,SCH4U1,ZLUN41,ZLUN42,,,8
"Kava, Sherlock",F,966736378,12,ENG4U1,HSP3C1,ICS4U1,MCV4U1,MHF4U1,SCH4U1,SPH4U1,ZLUN41,ZLUN42,,9
"Busk, Maxene",F,502050217,9,CGC1D1,ENG1D1,FSF1D1,MPM1D1,PPL1O9,SNC1D1,TGJ1O1,TIJ1O1,ZLUN11,ZLUN12,10
"Ruch, Maddison",M,679563067,9,CGC1P1,ENG1P1,FSF1P1,MFM1P1,PPL1O9,SNC1P1,TGJ1O1,TIJ1O1,ZLUN11,ZLUN12,10
"Throckmorton, Topaz",M,923562182,9,BTT1O1,CGC1P1,ENG1P1,FSF1P1,MFM1P1,PPL1O9,SNC1P1,TIJ1O1,ZLUN11,ZLUN12,10
"Flanders, Raschelle",M,272932904,9,ADA1O1,CGC1D1,ENG1D1,FSF1D1,HFN1O1,MPM1D1,PPL1O8,SNC1D1,ZLUN11,ZLUN12,10
"Painter, Hallie",M,498550311,11,COP3X6,ENG3C2,GLE3O1,GPP3O2,MBF3C1,PAD3O2,PAF3O1,PPL3O2,YYY4X1,ZLUN31,10
"Whiteman, Ebenezer",M,700536143,10,CHC2D1,CIVCAR,ENG2D1,FSF2D1,MPM2D1,SNC2D1,TCJ2O2,TGJ2O1,ZLUN21,ZLUN22,10
"Eliza, Katlyn",F,491583631,10,AMG2O1,CHC2D1,CIVCAR,ENG2D1,FSF2D1,MPM2D1,PPL2O9,SNC2D1,ZLUN21,ZLUN22,10
"Watkins, Lindy",M,915108757,12,CGW4U1,ENG4U1,MCV4U1,MHF4U1,PAF4O1,PSE4U1,SBI4U1,SCH4U1,ZLUN41,ZLUN42,10
"Elizabeth, Cullen",M,689457708,10,AMR2O1,BBI2O1,CHC2D1,CIVCAR,ENG2D1,FSF2D1,MPM2D1,PPL2O9,SNC2D1,ZLUN21,11
"Gibson, Edwyn",M,359982510,12,ALP4X2,ENG4C1,MAP4C1,SBI3C1,SCH4C1,ZLUN41,ZLUN42,,,,7
"Pearson, Kelsi",M,312491925,12,CGR4M=,SHAL.1,,,,,,,,,2
"Winton, Sibyl",F,981246632,11,COP3X6,ENG3U2,GPP3O2,MCF3M1,PAD3O2,PPL3O2,SBI3U1,SCH3U1,TDJ3M1,YYY4X1,11
"Eisaman, Roxana",F,733761413,12,COP4X4,ENG4C1,MAP4C1,PPL4O1,ZLUN41,ZLUN42,,,,,6
"Warren, Hartley",F,867978011,9,ADA1O1,CGC1D1,ENG1D1,FSF1D1,MPM1D1,PPL1O9,SNC1D1,TGJ1O1,ZLUN11,ZLUN12,10
"Rogers, Erskine",F,805464436,10,ASM2O1,CHC2D1,CHV2O1,ENG2D1,FSF2D1,GLC2O1,MPM2D1,PPL2O8,SNC2D1,ZLUN21,11
"Wells, Keith",M,375620816,11,AWQ3O1,CLU3M1,ENG3U1,HPC3O1,HSP3U1,MCF3M1,NBV3C1,TFJ3C1,ZLUN31,ZLUN32,10
"Shaner, Wilmot",M,310571141,12,ENG4U1,ETS4U1,EWC4U1,HHS4U1,HSB4U1,HZT4U1,PAF4O1,ZLUN41,ZLUN42,,9
"Basinger, Chalice",M,806550258,9,CGC1D1,ELS2ON,ENG1D1,GLE1ON,KCWANN,KCWBNN,MPM1D1,SNC1D1,ZLUN11,ZLUN12,10
"Hawker, Annabella",F,313796263,12,AVI4M1,ENG4U1,HHG4M1,HSB4U1,HZT4U1,MDM4U1,SBI4U1,ZLUN41,ZLUN42,,9
"Lowstetter, Monty",M,137144914,10,ASM2O1,CHC2D1,CIVCAR,ENG2D1,FSF2D1,MFM2P1,PPL2O8,SNC2D1,ZLUN21,ZLUN22,10
"Trovato, Lyndon",F,760642812,9,ADA1O1,CGC1D1,ENG1D1,FSF1P1,MPM1D1,PPL1O9,SNC1D1,TIJ1O1,ZLUN11,ZLUN12,10
"Osterweiss, Roger",F,808803740,12,ENG4U1,MCV4U1,MHF4U1,SBI4U1,SCH4U1,SPH3U1,SPH4U1,ZLUN41,ZLUN42,,9
"Cross, Lake",F,897325319,12,COP4X9,ENG4U1,MCT4C1,ZLUN41,ZLUN42,,,,,,5
"Faqua, Robby",F,472880143,10,ASM2O1,CHC2P1,CIVCAR,ENG2D1,GLE2O1,MFM2P1,SNC2P1,TGJ2O1,ZLUN21,ZLUN22,10
"Carter, Darden",M,816057967,11,AWQ3O1,BAF3M1,ENG3U1,HSP3U1,MCF3M1,PPL3O1,SBI3U1,SCH3U1,ZLUN31,ZLUN32,10
"Drennan, Floyd",M,522538115,11,AWQ3O1,FSF3U1,HSP3U1,MCF3M1,NBE3U1,PAF3O1,SBI3U1,SCH3U1,ZLUN31,ZLUN32,10
"Romanoff, Ashlynn",F,554004979,9,CGC1P1,ENG1P1,GLE1O1,HFN1O1,MFM1P1,PPL1O8,SNC1P1,TIJ1O1,ZLUN11,ZLUN12,10
"Grant, Jem",F,238313050,12,ENG4U1,HHS4U1,HSB4U1,MAP4C1,SCH4C1,ZLUN41,ZLUN42,,,,7
"Dennis, Annis",M,831576000,11,ENG3U1,HSP3U1,MCR3U1,PAF3O1,PPL4O1,SBI3U1,SCH3U1,SPH3U1,ZLUN31,ZLUN32,10
"Bunten, Cayley",F,370582990,9,ADA1O1,BTT1O1,CGC1PV,ENG1PV,HFN1O1,MFM1PV,PPL1O9,SNC1PV,ZLUN11,ZLUN12,10
"Sybilla, Eppie",M,623799036,12,AMI4M1,AMR4M1,CLN4U1,ENG4U1,FSF4U1,HSB4U1,MDM4U1,ZLUN41,ZLUN42,,9
"Ackerley, Delbert",F,877124881,9,ADA1O1,AVI1O1,CGC1D1,ENG1D1,FSF1D1,MPM1D1,PPL1O8,SNC1D1,ZLUN11,ZLUN12,10
"Treeby, Keighley",F,957188574,12,BBB4M1,CGW4U1,ETS4U1,ZLUN41,ZSM1..,,,,,,5
"Paynter, Mo",F,810093216,9,AVI1O1,CGC1D1,ENG1D1,FSF1D1,MFM1P1,PPL1O9,SNC1D1,TIJ1O1,ZLUN11,ZLUN12,10
"Schrader, Cedric",M,369598050,12,CHY4U1,CLN4U1,ENG4UE,FSF4U1,HSB4U1,HZT4U1,MHF4U1,ZLUN41,ZLUN42,,9
"Bowman, Kayley",F,774651876,9,ADA1O1,CGC1D1,CHC2D1,ENG1D1,FSF1D1,MPM1D1,PPL1O9,SNC1D1,ZLUN11,ZLUN12,10
"Costello, Harriet",F,271218725,11,ENG3U1,HSP3U1,MCR3U1,PAF3O1,PPL3O1,SBI3U1,SCH3U1,SPH3U1,ZLUN31,ZLUN32,10
"Putnam, Isiah",M,259037623,12,BBB4M1,BOH4M1,CIA4U1,ETS4U1,ZLUN41,ZLUN42,,,,,6
"Brinigh, Evangeline",F,955472276,10,AVI2O1,CHC2P1,CHV2O1,ENG2P1,GLC2O1,MFM2P1,SNC2P1,TFJ2O1,TGJ2O1,ZLUN21,11
"Warren, Sharyl",M,835402203,12,CGR4M=,SHAL.1,,,,,,,,,2
"Elsas, Unique",F,324826717,10,BBI2O1,CHC2D1,CIVCAR,ENG2D1,MPM2D1,PPL2O9,SNC2D1,TCJ2O1,ZLUN21,ZLUN22,10
"Stange, Liane",F,585573847,9,AMI1O1,CGC1D1,ENG1D1,FSF1D1,MPM1D1,PPL1O9,SNC1D1,TIJ1O1,ZLUN11,ZLUN12,10
"Teagarden, Rosalyn",F,188405666,9,AMI1O2,AMR1O1,BTT1O1,CGC1D1,ENG1D1,FSF1D1,MPM1D1,PPL1O9,SNC1D1,ZLUN11,11
"Nicholas, Jenna",F,746241209,9,CGC1P1,ENG1L1,GLE1O1,HFN1O1,MAT1L1,PPL1O9,SNC1L1,TGJ1O1,ZLUN11,ZLUN12,10
"Tripp, Norm",M,852978747,11,AVI3M1,AWT3O1,ENG3U1,MCR3U1,PAF3O1,PPL3O1,SPH3U1,TDJ3M1,ZLUN31,ZLUN32,10
"Todd, Zillah",F,554632426,9,ADA1O1,CGC1P1,ENG1P1,GLE1O1,HFN1O1,MFM1P1,PPL1O9,SNC1D1,ZLUN11,ZLUN12,10
"Mason, Verna",F,297446479,12,KBBANR,KCCANR,KCWANR,KENANR,KGLANR,KGWANR,KHDANR,KHIANR,ZLUN31,ZLUN32,10
"Mckinnon, Maurice",M,716872187,12,CIA4U1,ENG4U1,MCV4U1,MHF4U1,SBI4U1,SCH4U1,SPH4U1,ZLUN41,ZLUN42,,9
"Mcintosh, Arielle",M,541545157,9,AVI1O1,CGC1D1,ENG1D1,FSF1D1,HFN1O1,MPM1D1,PPL1O8,SNC1D1,ZLUN11,ZLUN12,10
"Priebe, Jemmy",M,814477458,9,ADA1O1,BTT1O1,CGC1PV,ENG1PV,MFM1PV,PPL1O9,SNC1PV,TGJ1O1,ZLUN11,ZLUN12,10
"Finlay, Lavern",F,665682909,11,CGF3M1,CHW3M1,ENG2P1,ENG3C1,GLE3O1,MEL3E1,PAF3O1,TWJ3E1,ZLUN31,ZLUN32,10
"Bloise, Wayne",F,689453121,10,AMI2O1,AMR2O1,CHC2D1,CHV2O1,ENG2P1,FSF2D1,GLC2O1,MFM2P1,SNC2D1,TFJ2O1,12
"Lambert, Marly",F,719651740,9,AMI1O2,AMR1O1,AVI1O1,CGC1D1,ENG1D1,FSF1D1,MPM1D1,PPL1O8,SNC1D1,ZLUN11,11
"Altman, Hyacinth",M,522808424,12,ENG4C1,GLE4O1,HIP4O1,MAP4C1,SBI3C1,TGJ2O1,ZLUN41,ZLUN42,,,8
"Parrish, Gwendolen",F,805927551,12,ENG4U1,HHG4M1,HZT4U1,PSE4U1,SBI4U1,SCH4U1,ZLUN41,ZLUN42,,,8
"Hall, Dom",M,913974708,9,AVI1O1,CGC1D1,ENG1D1,FSF1D1,HFN1O1,MPM1D1,PPL1O8,SNC1D1,ZLUN11,ZLUN12,10
"Reichard, Laurie",M,993216016,10,AVI2O1,CHC2P1,CIVCAR,ENG2P1,MFM2P1,SNC2P1,TCJ2O1,TEJ2O1,ZLUN21,ZLUN22,10
"Isemann, Phil",F,273145754,12,ENG4U1,FSF4U1,MHF4U1,PSE4U1,SBI4U1,SCH4U1,ZLUN41,ZLUN42,,,8
"Wortman, Opal",M,948068750,9,CGC1D1,ENG1D1,FSF1D1,GLE1O1,HFN1O1,MFM1P1,PPL1O9,SNC1D1,ZLUN11,ZLUN12,10
"Kifer, Tiger",M,872703301,11,ADA3M1,CLU3M1,ENG3U1,HHG4M1,MCF3M1,PPL3O1,SVN3M1,TFJ3C1,ZLUN31,ZLUN32,10
"Countryman, Jasmyn",F,148914559,9,AVI1O1,CGC1D1,ENG1D1,FSF1D1,HFN1O1,MPM1D1,PPL1O8,SNC1D1,ZLUN11,ZLUN12,10
"Emrick, Fanny",M,573491805,11,COP3X4,ENG3C1,HSP3C1,MBF3C1,NBV3C1,PAF3O1,TCJ3C1,ZLUN31,ZLUN32,,9
"Hanford, Elouise",M,110895529,9,CGC1D1,ENG1D1,FSF1D1,MFM1P1,PPL1O9,SNC1D1,TGJ1O1,TIJ1O1,ZLUN11,ZLUN12,10
"Brindle, Jo",F,512142551,11,AVI3M1,BTA3O1,ENG3C1,GLE3O1,HPC3O1,HSP3C1,MBF3C1,ZLUN31,ZLUN32,,9
"Kistler, Irvine",F,479867642,11,AVI3M1,AWQ3O1,ENG3U1,HRT3M1,HSP3U1,MCF3M1,PPL3O1,TGJ3M1,ZLUN31,ZLUN32,10
"Campbell, Selene",F,361116201,9,CGC1D1,ENG1P1,FSF1P1,MPM1D1,PPL1O9,SNC1P1,TGJ1O1,TIJ1O1,ZLUN11,ZLUN12,10
"Gadow, Brittney",M,116623627,9,AMI1O2,AMR1O1,BTT1O1,CGC1D1,ENG1D1,FSF1D1,MPM1D1,PPL1O9,SNC1D1,ZLUN11,11
"Iseman, Melville",M,652086138,10,CHC2P1,CIVCAR,ENG2P1,GLE2O1,MFM2P1,PPL2O9,SNC2P1,TCJ2O1,ZLUN21,ZLUN22,10
"Stone, Terrance",F,251869721,11,COP3X6,ENG3U2,GPP3O2,MCF3M1,PAD3O2,PPL3O2,TDJ3M1,TFJ3C1,YYY4X1,ZLUN31,10
"Tomey, Nikolas",F,430237078,9,AVI1O1,CGC1D1,ENG1D1,FSF1D1,MPM1D1,PPL1O9,SNC1D1,TIJ1O1,ZLUN11,ZLUN12,10
"Cass, Lavena",F,973231917,11,BAF3M1,ENG3U1,MCR3U1,PPL3O1,SPH3U1,TCJ2OC,TCJ3C1,ZLUN31,ZLUN32,,9
"Shick, Aggie",F,511549276,10,CHC2D1,ENG2D1,ICS2O1,MCR3U1,MPM2D1,PPL2O9,SNC2D1,TCJ2O2,ZLUN21,ZLUN22,10
"Mercer, Nydia",F,129044156,12,ENG4U1,MCV4U1,MHF4U1,PAF4O1,PPL4O1,PSE4U1,SBI4U1,SCH4U1,ZLUN41,ZLUN42,10
"Griffis, Adamina",M,850377384,11,ENG3U1,FSF4U1,HSP3U1,MCR3U1,PAF3O1,SBI3U1,SCH3U1,TFJ3C1,ZLUN31,ZLUN32,10
"Kettlewell, Konnor",M,215039412,12,ENG3CB,ENG4CK,PPL2OB,,,,,,,,3
"Mckendrick, Sharleen",M,955560124,12,BAT4M1,CGW4U1,CHY4U1,ENG4U1,HZT4U1,MDM4U1,SPH3U1,TCJ3C1,ZLUN41,ZLUN42,10
"Jackson, Carly",F,623414017,9,CGC1D1,ENG1D1,FSF1D1,HFN1O1,MPM1D1,PPL1O8,SNC1D1,TGJ1O1,ZLUN11,ZLUN12,10
"Fraser, Sammi",F,857873975,9,AMI1O1,BTT1O1,CGC1D1,ENG1D1,FSF1D1,MPM1D1,PPL1O9,SNC1D1,ZLUN11,ZLUN12,10
"Ehret, Tamera",F,433326159,11,AWQ3O1,BAF3M1,CLU3M1,ENG3U1,HSP3U1,MCR3U1,PAF3O1,SPH3U1,ZLUN31,ZLUN32,10
"Southern, Brittany",F,355996981,10,AVI2O1,BTA3O1,CHC2D1,CHV2O1,GLC2O1,MPM2D1,SNC2D1,TEJ2O1,TFJ2O1,ZLUN21,11
"Greif, Michael",M,431993249,12,ENG3CB,GLE3OB,SHAL.1,,,,,,,,3
"Braham, Nickolas",M,323529074,11,ENG3U1,HRT3M1,HSP3U1,MBF3C1,PPL3O1,SBI3U1,SCH3U1,TFJ3C1,ZLUN31,ZLUN32,10
"Sheets, Lexy",M,790191159,12,COP4X5,ENG4C1,SBI4U1,SCH4U1,YYY4X1,ZLUN41,,,,,6
"Richardson, Bindy",M,183352053,9,AVI1O1,BTT1O1,CGC1D1,ENG1D1,FSF1D1,MPM1D1,PPL1O8,SNC1D1,ZLUN11,ZLUN12,10
"Joghs, Dulcie",M,764898827,10,AVI2O1,CHC2D1,CIVCAR,ENG2D1,FSF2D1,MPM2D1,PPL2O8,SNC2D1,ZLUN21,ZLUN22,10
"Prescott, Prue",M,858583715,10,ASM2O1,CHC2P1,CIVCAR,ENG2P1,MFM2P1,PPL2O8,SNC2P1,TFJ2O1,ZLUN21,ZLUN22,10
"Pershing, Ogden",M,954765416,12,AVI4M1,CGR4M1,ENG4U1,ETS4U1,HZT4U1,SES4U1,TFJ4C1,ZLUN41,ZLUN42,,9
"Bicknell, Kenyon",M,687130663,10,CHC2PV,CIVCAR,ENG2PV,MFM2PV,PPL2O9,SNC2PV,TCJ2O2,TFJ2O1,ZLUN21,ZLUN22,10
"Fylbrigg, Matt",F,699931701,10,CHC2D1,CIVCAR,ENG2D1,MFM2P1,PPL2O9,SNC2D1,TCJ2O1,TCJ2O2,ZLUN21,ZLUN22,10
"Elder, Andrew",F,325149236,12,BMI3CC,BOH4M1,BTA3O1,ENG4U1,HPC3O1,MAP4C1,PPL4O1,ZLUN41,ZLUN42,,9
"Blackburn, Ewart",M,544954690,12,CHY4C1,ENG4U1,HHS4U1,MEL3E1,PPL4O1,SHAL.1,ZLUN41,ZLUN42,,,8
"Herndon, Frieda",F,409371186,9,ADA1O1,BTT1O1,CGC1D1,ENG1D1,FSF1D1,MPM1D1,PPL1O8,SNC1D1,ZLUN11,ZLUN12,10
"Baker, Alex",F,525525695,11,BAF3M1,CLU3M1,ENG3U1,HPC3O1,HSP3C1,MCF3M1,PPL3O1,SBI3C1,ZLUN31,ZLUN32,10
"Stoddard, Dusty",M,900731090,12,ENG4C1,HRT3M1,ICS4C1,MCT4C1,SBI3U1,SCH4C1,SES4U1,TFJ4C1,ZLUN41,ZLUN42,10
"Robinson, Trueman",M,220005813,10,CHC2P1,CIVCAR,ENG2P1,GLE2O1,MPM1D1,MPM2D1,SNC2D1,TEJ2O1,ZLUN21,ZLUN22,10
"Crissman, Pete",F,213914006,12,ENG3CX,GLE3OX,SHAL.1,,,,,,,,3
"Rice, Bonita",F,579727317,11,BAF3M1,CGF3M1,CLU3M1,ENG3U1,HSP3U1,MBF3C1,PAF3O1,PPL3O1,ZLUN31,ZLUN32,10
"Jolce, Kristy",F,516201215,12,ENG4U1,ETS4U1,HHG4M1,MDM4U1,PPL4O1,SBI4U1,SCH4U1,ZLUN41,ZLUN42,,9
"Black, Myrtle",F,524936182,12,ENG4U1,FSF4U1,MHF4U1,PAF4O1,PPL4O1,PSE4U1,SBI4U1,SCH4U1,ZLUN41,ZLUN42,10
"Herrold, Cammie",M,741218993,10,CHC2P1,CIVCAR,ENG2P1,GLE2O1,MFM2P1,PPL2O8,SNC2P1,TGJ2O1,ZLUN21,ZLUN22,10
"Lafortune, Normand",M,832253252,9,ADA1O1,CGC1D1,ENG1D1,FSF1D1,MPM1D1,PPL1O9,SNC1D1,TGJ1O1,ZLUN11,ZLUN12,10
"Kuster, Les",M,373525686,12,BOH4M1,ENG4U1,HSB4U1,MDM4U1,PSE4U1,SBI4U1,ZLUN41,ZLUN42,,,8
"Walker, Alexandrea",F,585696967,9,ADA1O1,CGC1P1,ENG1P1,GLE1O1,HFN1O1,MFM1P1,PPL1O8,SNC1P1,ZLUN11,ZLUN12,10
"Bard, Humbert",M,479835131,9,BTT1O1,CGC1P1,ENG1P1,FSF1P1,GLE1O1,MFM1P1,PPL1O9,SNC1P1,ZLUN11,ZLUN12,10
"Baughman, Aldous",F,322100615,12,COP4X9,ENG4C1,HIP4O1,PAF3O1,ZLUN41,ZLUN42,,,,,6
"Noton, Dolph",M,965547152,10,CHC2P1,CIVCAR,ENG2D1,MFM2P1,PPL2O9,SNC2P1,TCJ2O1,TEJ2O1,ZLUN21,ZLUN22,10
"Olphert, Carmel",F,389650499,12,COP4X0,ENG4C1,HHG4M1,PPL4O1,TFJ4C1,YYY4X1,ZLUN41,ZLUN42,,,8
"Vorrasi, Eveleen",F,612586013,9,AMI1O2,AMR1O1,BTT1O1,CGC1D1,ENG1D1,FSF1D1,MPM1D1,PPL1O9,SNC1D1,ZLUN11,11
"Bastion, Willy",F,723806476,9,ADA1O1,CGC1P1,ENG1L1,GLE1O1,HFN1O1,MAT1L1,PPL1O8,SNC1L1,ZLUN11,ZLUN12,10
"Rader, Carson",F,459693351,10,CHC2D1,ENG2D1,ICS2O1,MPM2D1,SNC2D1,TEJ2O1,TFJ2O1,TGJ2O1,ZLUN21,ZLUN22,10
"Eastwood, Titania",M,686617610,12,CLN4U1,MHF4U1,SCH4U1,SHAL.1,ZLUN41,ZSM1..,,,,,6
"Friedline, Gideon",F,768692443,11,COP3X6,ENG3U2,GLE3O1,GPP3O2,MCF3M1,PAD3O2,PPL3O1,PPL3O2,TDJ3M1,YYY4X1,12
"Johnston, Jobeth",M,781055770,12,ENG4U1,HFA4U1,HHG4M1,HSB4U1,HZT4U1,MDM4U1,PSE4U1,ZLUN41,ZLUN42,,9
"Reade, Cecily",F,619825936,12,CGW4U1,CHY4U1,ENG4U1,MAP4C1,PAF4O1,SBI4U1,SCH4U1,ZLUN41,ZLUN42,,9
"Durstine, Janel",F,105322933,10,CHC2PV,ENG2PV,MFM2PV,SNC2PV,TCJ2O2,TEJ2O1,TFJ2O1,TGJ1O1,ZLUN21,ZLUN22,10
"Fiscina, Raleigh",F,309174589,10,ASM2O1,CHC2D1,CIVCAR,ENG2D1,MPM2D1,PPL2O8,SNC2D1,TCJ2O2,ZLUN21,ZLUN22,10
"Philips, Rosaleen",F,886748458,11,ADA3M1,ENG3U1,HRT3M1,HSP3C1,MCF3M1,PPL3O1,SVN3M1,TFJ3C1,ZLUN31,ZLUN32,10
"Beedell, Melvyn",M,737955854,12,BAF3MC,BAT4M1,BOH4M1,ENG3U1,ENG4U1,MDM4U1,ZLUN41,ZLUN42,,,8
"Handyside, Marianne",M,398196456,10,CHC2P1,CIVCAR,ENG2D1,FSF2D1,MPM2D1,PPL2O8,SNC2P1,TFJ2O1,ZLUN21,ZLUN22,10
"Keilbach, Sherie",M,721297621,11,ADA3M1,CLU3M1,HPC3O1,HSP3C1,MAP4C1,MBF3C1,NBE3U1,PPL3O1,ZLUN31,ZLUN32,10
"Garry, Lynnette",M,970075384,9,BTT1O1,CGC1D1,ENG1D1,FSF1D1,HFN1O1,MPM1D1,PPL1O9,SNC1D1,ZLUN11,ZLUN12,10
"Stough, Carlisle",M,627675474,12,CGR4M1,ENG4U1,ETS4U1,HHS4U1,HSB4U1,HZT4U1,PAF4O1,ZLUN41,ZLUN42,,9
"Murray, Cressida",M,777255779,9,AVI1O1,CGC1D1,ENG1D1,FSF1D1,GLE1O1,MPM1D1,PPL1O8,SNC1D1,ZLUN11,ZLUN12,10
"Kepplinger, London",M,937362392,11,BAF3M1,CHW3M1,CLU3M1,ENG2D1,ENG3U1,HSP3C1,MCF3M1,PPL3O1,ZLUN31,ZLUN32,10
"Cox, Osmond",F,755920260,11,CHW3M1,COP3X6,ENG3U2,GPP3O2,MCF3M1,PAD3O2,PPL3O2,SCH3U1,SPH3U1,YYY4X1,11
"Zaun, Judy",F,228208396,10,ADA2O1,ASM2O1,CHC2P1,CIVCAR,ENG2P1,MFM2P1,PPL2O8,SNC2P1,ZLUN21,ZLUN22,10
"Stainforth, Winter",F,609933176,10,CHC2D1,CIVCAR,ENG2D1,MPM2D1,PPL2O9,SNC2D1,TEJ2O1,TFJ2O1,ZLUN21,ZLUN22,10
"Ream, Palmer",M,953782445,9,KBBANR,KCCANR,KCWANR,KENANR,KGLANR,KGWANR,KHDANR,KHIANR,ZLUN11,ZLUN12,10
"Lane, Alexis",M,309642003,12,COP4X4,COP4X5,ENG4C1,MAP4C1,TCJ4C1,ZLUN41,ZLUN42,,,,7
"Burnett, Emmanuel",M,240531864,10,CHC2P1,CIVCAR,ENG2P1,MFM2P1,SNC2P1,TCJ2O1,TCJ2O2,TWJ3E1,ZLUN21,ZLUN22,10
"Crom, Patricia",M,722114913,9,AVI2O1,CGC1D1,ENG1D1,FSF1D1,MPM1D1,PPL1O8,SNC1D1,TEJ2O1,ZLUN11,ZLUN12,10
"Eggbert, Thornton",M,629513666,10,ASM2O1,CIVCAR,ENG2D1,FSF2D1,MPM2D1,PPL2O8,SNC2D1,TGJ2O1,ZLUN21,ZLUN22,10
"Elliott, Meaghan",F,964817501,12,BBB4M1,ENG3U1,ENG4U1,HFA4U1,MCV4U1,MDM4U1,MHF4U1,ZLUN41,ZLUN42,,9
"Smothers, Tristram",F,145228162,11,CGF3M1,CLU3M1,ENG3U1,MCF3M1,SCH3U1,SPH3U1,TEJ3M1,TWJ3E1,ZLUN31,ZLUN32,10
"Edwards, Gayla",F,871662836,11,CGF3M1,CLN4U1,CLU3M1,ENG3U1,HSP3U1,MCF3M1,NBV3C1,PPL3O1,ZLUN31,ZLUN32,10
"Ratcliff, Elliot",F,772614547,12,BAT4M1,BBB4M1,COP4X0,ENG4C1,MAP4C1,ZLUN41,ZLUN42,,,,7
"Schere, Alayna",F,389376741,12,SBI4U1,SCH4C1,ZLUN41,ZSM1..,,,,,,,4
"Kemerer, Chaz",M,662676184,12,BTA3O1,ENG4CB,MEL4EO,MFM2P1,PPL3O1,SVN3M1,TWJ4E1,ZLUN42,,,8
"Fitzgerald, Tarina",F,313301479,12,ENG4CT,TFJ3CT,ZLUN41,ZSM1..,,,,,,,4
"Newbern, Garth",F,748124206,12,CGR4M1,CHY4U1,ENG4U1,ETS4U1,HHG4M1,HHS4U1,HSB4U1,ZLUN41,ZLUN42,,9
"Brandenburg, Matilda",M,697913050,10,BBI2O1,CHC2D1,CIVCAR,ENG2D1,FSF2D1,MPM2D1,PPL2O8,SNC2D1,ZLUN21,ZLUN22,10
"Young, Virgil",M,547508434,12,BAT4M1,BBB4M1,ENG4U1,MHF4U1,SBI4U1,SCH4U1,ZLUN41,ZLUN42,,,8
"Bishop, Galen",M,777505501,11,AVI3M1,AWQ3O1,AWT3O1,ENG3U1,HPC3O1,MCF3M1,PAF3O1,TFJ3C1,ZLUN31,ZLUN32,10
"Adams, Jacquette",F,445459423,12,ENG4U1,HSB4U1,HZT4U1,MDM4U1,PPL4O1,SBI4U1,SCH4U1,TFJ4C1,ZLUN41,ZLUN42,10
"Chapman, Lesly",M,936522063,12,ENG1PX,GLE3OX,SHAL.1,,,,,,,,3
"Hicks, Jeanine",F,673657569,11,KBBANR,KCCANR,KCWANR,KENANR,KGLANR,KGWANR,KHDANR,KHIANR,ZLUN31,ZLUN32,10
"Laurence, Ellis",M,107761490,11,ADA3M1,AWT3O1,CHW3M1,ENG3C1,HPC3O1,HRT3M1,HSP3C1,MEL3E1,ZLUN31,ZLUN32,10
"Mccune, Ione",F,306462904,12,CGR4M1,ENG4U1,FSF4U1,MHF4U1,PSE4U1,SBI4U1,SCH4U1,ZLUN41,ZLUN42,,9
"Roby, Randall",M,782460087,10,AMG2O1,AMR2O1,CHC2D1,CIVCAR,ENG2D1,MPM2D1,PPL2O8,SNC2D1,TGJ2O1,ZLUN21,11
"Altmann, Johnnie",F,956580282,12,ENG4CB,MBF3CB,ZLUN41,,,,,,,,3
"Blessig, Odell",F,386311382,11,BOH4M1,ENG2DC,ENG3U1,GLE3O1,MCF3M1,TGJ4M1,TWJ3E1,ZLUN31,ZLUN32,,9
"Quinn, Trudy",M,463959148,9,AVI1O1,CGC1D1,ENG1D1,GLE1O1,MFM1P1,PPL1O9,SNC1D1,TIJ1O1,ZLUN11,ZLUN12,10
"Branson, Brent",M,602859131,11,CLU3M1,ENG3U1,HSP3U1,MBF3C1,PAF3O1,PPL3O1,SBI3U1,SVN3M1,ZLUN31,ZLUN32,10
"Reed, Adela",M,218116452,12,BTA3O1,ENG4C1,GLE4O1,MAT2L1,PAF4O1,TFJ3C1,TWJ3E1,TWJ4E1,ZLUN41,ZLUN42,10
"Woolery, Seward",F,462449672,11,BTA3O1,ENG3U1,MCR3U1,PAF3O1,PPL3O1,SBI3U1,SCH3U1,TCJ3C1,ZLUN31,ZLUN32,10
"Wildman, Elly",F,847883560,10,BBI2O1,CHC2D1,CIVCAR,ENG2D1,MPM2D1,PPL2O9,SNC2D1,TCJ2O2,ZLUN21,ZLUN22,10
"Marjorie, Melinda",M,665410597,11,ENG2PT,ENG3C1,MFM2P1,PPL3O1,TCJ2OT,TWJ3E1,ZLUN31,ZLUN32,,,8
"Swain, Jolyon",F,232334372,9,CGC1D1,ENG1D1,GLE1O1,MFM1P1,PPL1O9,PPL1OC,SNC1D1,ZLUN11,ZLUN12,,9
"Bonner, Shaw",F,636337512,10,CHC2P1,CIVCAR,ENG2P1,MFM2P1,PPL2O8,SNC2P1,TFJ2O1,TGJ2O1,ZLUN21,ZLUN22,10
"Batten, Kendall",F,997342962,12,CIA4U1,CLN4U1,ENG4U1,HSB4U1,PPL4O1,PSE4U1,ZLUN41,ZLUN42,,,8
"Roadman, Anemone",F,644888389,9,AVI1O1,CGC1D1,ENG1D1,FSF1D1,HFN1O1,MPM1D1,PPL1O8,SNC1D1,ZLUN11,ZLUN12,10
"Guest, Joy",M,451388693,12,ENG2LX,ENG3E1,GLE3OX,HIP4O1,HPC3O1,OLC4O1,ZLUN41,ZLUN42,,,8
"West, Alisya",M,129888971,10,AMG2O1,AVI2O1,CHC2P1,CIVCAR,ENG2P1,GLE2O1,MAT2L1,SNC2P1,ZLUN21,ZLUN22,10
"Wible, Rosemary",F,455947298,9,AVI1O1,CGC1D1,ENG1D1,FSF1D1,MPM1D1,PPL1O8,SNC1D1,TIJ1O1,ZLUN11,ZLUN12,10
"Sutorius, Chet",F,469175233,12,CGW4U1,CLN4U1,ENG4U1,HFA4U1,HHG4M1,HSB4U1,MAP4C1,ZLUN41,ZLUN42,,9
"Earl, Cherise",F,927181570,10,ADA2O1,CHC2D1,CHV2O1,ENG2D1,FSF2D1,GLC2O1,MPM2D1,SNC2D1,TEJ2O1,ZLUN21,11
"Donkin, Arlie",M,416358253,11,AMR3M1,BAF3M1,CHW3M1,CLU3M1,ENG3U1,FSF3U1,HSP3U1,MCF3M1,SCH3U1,ZLUN31,11
"Demuth, Becka",F,120956961,11,ENG2DC,ENG3U1,FSF3U1,HSP3U1,MCF3M1,SBI3U1,SCH3U1,ZLUN31,ZLUN32,,9
"Flick, Bradley",M,204027982,12,ENG4U1,HHG4M1,HSB4U1,MDM4U1,SBI4U1,SCH4U1,ZLUN41,ZLUN42,,,8
"Townsend, Vickie",M,325880432,9,AMI1O2,AMR1O1,CGC1D1,ENG1D1,FSF1D1,MPM1D1,PPL1O9,SNC1D1,TGJ1O1,ZLUN11,11
"James, Kilie",F,248823612,9,AVI1O1,CGC1D1,ENG1D1,FSF1D1,HFN1O1,MPM1D1,PPL1O8,SNC1D1,ZLUN11,ZLUN12,10
"Lowe, Dalton",F,489253021,10,BBI2O1,CHC2D1,CIVCAR,ENG2D1,MPM2D1,PPL2O9,SNC2D1,TEJ2O1,ZLUN21,ZLUN22,10
"Tanner, Kyran",F,164591435,10,BBI2O1,CHC2D1,CIVCAR,ENG2D1,ICS2O1,MPM2D1,PPL2O9,SNC2D1,ZLUN21,ZLUN22,10
"Finck, Arline",F,243584371,12,CGR4M=,SHAL.1,,,,,,,,,2
"Yates, Ormond",M,221702089,11,AMR3M1,BAF3M1,ENG3U1,FSF3U1,HRT3M1,MCR3U1,PPL3O1,SBI3U1,SPH3U1,ZLUN31,11
"Hoenshell, Marshall",F,175641294,11,AMR3M1,AVI3M1,ENG3U1,HSP3U1,MCR3U1,PPL3O1,SBI3U1,SCH3U1,SPH3U1,ZLUN31,11
"Rosenstiehl, Kian",F,588896309,11,CHC2D1,CIVCAR,ESLDO1,ESLEO1,MCR3U1,PAF3O1,SCH3U1,SPH3U1,ZLUN12,ZLUN31,10
"Guess, Clarinda",F,579702578,10,CHC2D1,CIVCAR,ENG2D1,FSF2D1,MPM2D1,PPL2O8,SNC2D1,TGJ2O1,ZLUN21,ZLUN22,10
"Christopher, Humphrey",M,758471351,11,CGF3M1,ENG3U1,HSP3U1,MCR3U1,PPL3O1,SBI3U1,SCH3U1,TDJ3M1,ZLUN31,ZLUN32,10
"Eiford, Mathew",M,157612413,10,BTA3O1,CGD3M1,CHC2D1,ENG2D1,GLC2OC,MPM2D1,SNC2D1,ZLUN21,ZLUN22,,9
"Gertraht, Anona",M,660610628,12,ENG3EB,GLE3OB,SHAL.1,,,,,,,,3
"Overholt, Rebeccah",F,458913095,11,CLU3M1,ENG3C1,HPC3O1,HSP3U1,MBF3C1,NBV3C1,PPL3O1,TGJ3M1,ZLUN31,ZLUN32,10
"Gettemy, Trixie",F,526660277,12,ENG3CC,ENG4CC,ZLUN41,ZSM1..,,,,,,,4
"Beach, Brayden",F,736870371,10,BBI2O1,CHC2D1,CIVCAR,ENG2D1,FSF2D1,MPM2D1,SNC2D1,SVN3M1,ZLUN21,ZLUN22,10
"Hayhurst, Tatiana",M,861593657,12,BOH4M1,CGR4M1,CLN4U1,ENG4U1,HSB4U1,MDM4U1,PPL4O1,SHAL.1,ZLUN41,ZLUN42,10
"Harrow, Ranulph",M,844894600,10,CHC2D1,CIVCAR,ENG2D1,LWSBD1,MPM2D1,PPL2O9,SNC2D1,TEJ2O1,ZLUN21,ZLUN22,10
"Bender, Reginald",M,310885427,12,AVI4M1,ETS4U1,HSB4U1,ZLUN41,ZLUN42,,,,,,5
"Welty, Kennith",M,657231481,12,ENG3CB,GLE3OB,SHAL.1,,,,,,,,3
"Cavalet, Jervis",M,393174035,10,AVI2O1,CHC2D1,CIVCAR,ENG2D1,MPM2D1,SNC2D1,TCJ2O2,TEJ2O1,ZLUN21,ZLUN22,10
"Baird, Totty",M,831081179,12,AMI4M1,ENG4U1,ICS4U1,MCV4U1,MHF4U1,SPH4U1,TEJ4M1,TGJ4M1,ZLUN41,ZLUN42,10
"Armitage, Jesse",M,477878348,11,CGF3M1,COP3X6,ENG3U2,GPP3O2,MCF3M1,PAD3O2,PPL3O2,SBI3U1,YYY4X1,ZLUN31,10
"Bailey, Anne",M,232320723,10,AVI2O1,CGD3M1,CHC2D1,CIVCAR,ENG2D1,MPM2D1,PPL2O8,SNC2D1,ZLUN21,ZLUN22,10
"Hozier, Alix",M,341948417,11,AMI3M1,AMV3M1,BMI3C1,CLU3M1,ENG3U1,HSP3U1,MCF3M1,TCJ3C1,ZLUN31,ZLUN32,10
"Diegel, Colten",M,711566288,11,BAF3M1,CLU3M1,ENG3U1,HSP3U1,MCF3M1,PAF3O1,PPL3O1,SCH3U1,ZLUN31,ZLUN32,10
"Filby, Alvena",F,549881494,9,ADA1O1,CGC1D1,ENG1D1,FSF1D1,MPM1D1,PPL1O9,SNC1D1,TGJ1O1,ZLUN11,ZLUN12,10
"Smith, Madlyn",F,678903120,12,ENG4UE,MCV4U1,MHF4U1,SBI4U1,SCH4U1,SPH4U1,ZLUN41,ZLUN42,,,8
"Cattley, Clitus",F,582712040,12,ENG4U1,HZT4U1,MAP4C1,PPL4O1,SCH4C1,TCJ3C1,ZLUN41,ZLUN42,,,8
"Fleming, Pippa",F,241497585,9,ADA1O1,CGC1D1,ENG1D1,FSF1D1,MFM1P1,PPL1O8,SNC1D1,TGJ1O1,ZLUN11,ZLUN12,10
"Perkins, Gladwyn",F,443058101,12,ENG4U1,MCV4U1,MHF4U1,SBI4U1,SCH4U1,SPH4U1,TEJ4M1,ZLUN41,ZLUN42,,9
"Margaret, Gord",F,347470207,9,AMI1O2,AMR1O1,BTT1O1,CGC1D1,ENG1D1,FSF1D1,MPM1D1,PPL1O8,SNC1D1,ZLUN11,11
"Cady, Henry",M,880169232,11,AVI3M1,ENG3U1,HSP3U1,MCR3U1,PPL3O1,SCH3U1,SPH3U1,TDJ3M1,ZLUN31,ZLUN32,10
"Cable, Oralee",M,686274428,9,AMI1O2,CGC1D1,ENG1D1,FSF1D1,GLE1O1,MPM1D1,PPL1O9,SNC1D1,ZLUN11,ZLUN12,10
"Day, Herb",M,886934828,10,CHC2P1,CIVCAR,ENG2P1,MFM2P1,PPL2O9,SNC2P1,TCJ2O1,TGJ2O1,ZLUN21,ZLUN22,10
"Osteen, Honor",F,395875424,11,ADA3M1,CHW3M1,ENG3U1,FSF3U1,HRT3M1,MCF3M1,PPL3O1,TWJ3E1,ZLUN31,ZLUN32,10
"Franks, Maud",F,452699277,10,CGC1P1,CHC2P1,CIVCAR,ENG2P1,MFM2P1,PPL2O9,SNC2D1,TEJ2O1,ZLUN21,ZLUN22,10
"Feufer, Storm",F,309899224,12,BAT4M1,BOH4M1,CGW4U1,ENG4UE,HZT4U1,MCV4U1,MHF4U1,ZLUN41,ZLUN42,,9
"Eve, Jessye",M,155081797,9,AVI1O1,BTT1O1,CGC1D1,ENG1D1,FSF1D1,MPM1D1,PPL1O8,SNC1D1,ZLUN11,ZLUN12,10
"Moore, Ritchie",M,293922866,12,CHY4U1,ENG4U1,MCV4U1,MHF4U1,PAF4O1,SCH4U1,SES4U1,SPH4U1,ZLUN41,ZLUN42,10
"Knight, Sherill",M,104983452,12,CHY4U1,ENG4U1,MCV4U1,MHF4U1,PAF4O1,SBI4U1,SCH4U1,SPH4U1,ZLUN41,ZLUN42,10
"Wilo, Lalla",M,824058506,10,CHC2D1,CIVCAR,ENG2D1,ESLCO1,ESLDO1,MCR3U1,SNC2D1,TFJ2O1,ZLUN21,ZLUN22,10
"Shaw, Lenox",F,126536419,11,CHC2D1,CIVCAR,ENG2D1,ESLCO1,ESLDO1,MCR3U1,SCH3U1,SPH3U1,ZLUN41,,9
"Fisher, Laurena",F,836484076,10,AVI2O1,CGD3M1,CHC2D1,CHV2O1,ENG2D1,GLC2O1,MPM2D1,PPL2O8,SNC2D1,ZLUN21,11
"Sauter, Vanessa",F,260766771,12,CHY4C1,ENG4U1,ETS4U1,EWC4U1,HHS4U1,HSB4U1,HZT4U1,ZLUN41,ZLUN42,,9
"Logue, Bryony",M,177460049,12,CLN4U1,ENG4U1,ETS4U1,EWC4U1,HSB4U1,HZT4U1,SVN3M1,ZLUN41,ZLUN42,,9
"Schuth, Chrysanta",F,454191369,11,AMR3M1,ENG3U1,FSF3U1,HSP3U1,ICS3U1,MCR3U1,SCH3U1,SPH3U1,TEJ3M1,ZLUN31,11
"Wynne, Miranda",M,118750041,9,AMR1O1,AVI1O1,CGC1D1,ENG1D1,FSF1D1,HFN1O1,MPM1D1,PPL1O8,SNC1D1,ZLUN11,11
"Easter, Lorne",F,207909311,9,ADA1O1,CGC1D1,ENG1D1,FSF1P1,MFM1P1,PPL1O9,SNC1D1,TIJ1O1,ZLUN11,ZLUN12,10
"Catlay, Stan",F,859126862,12,CHW3M1,ENG2D1,ENG3U1,HRT3M1,MBF3C1,MFM2P1,NBV3C1,SVN3M1,ZLUN42,,9
"Hiles, Mildred",M,496843007,9,ELS2ON,ENG1P1,GLE1ON,HFN1O1,KCWANN,KCWBNN,MAT1L1,PPL1O8,ZLUN11,ZLUN12,10
"Lord, Ariadne",F,744869625,10,AVI2O1,CHC2D1,CIVCAR,ENG2D1,FSF2D1,MPM2D1,SNC2D1,TCJ2O2,ZLUN21,ZLUN22,10
"Mathews, Winnifred",M,932891668,10,ASM2O1,CHC2D1,CIVCAR,ENG2D1,MPM2D1,PPL2O9,SNC2D1,TCJ2O2,ZLUN21,ZLUN22,10
"Errett, Jessika",M,851701782,10,ASM2O1,CHC2D1,CIVCAR,ENG2D1,MPM2D1,PPL2O8,SNC2D1,TFJ2O1,ZLUN21,ZLUN22,10
"Harden, Todd",M,826118489,10,ASM2O1,CHC2D1,CIVCAR,ENG2D1,FSF2D1,MFM2P1,PPL2O8,SNC2D1,ZLUN21,ZLUN22,10
"Fillmore, Phebe",M,765790565,12,ADA2O1,CHY4C1,ENG3C1,ENG4C1,ESLEO1,HRT3M1,SHAL.1,ZLUN41,ZLUN42,,9
"Loewentsein, Callie",M,859495765,12,AVI3M1,AWM4M1,BMI3C1,ENG4C1,HIP4O1,HRT3M1,MBF3C1,NBV3C1,ZLUN41,ZLUN42,10
"Hills, Bridget",M,608856000,9,CGC1D1,ENG1D1,FSF1D1,HFN1O1,MPM1D1,PPL1O9,SNC1D1,TGJ1O1,ZLUN11,ZLUN12,10
"Houser, Christal",F,750886508,12,CHY4C1,ENG4C1,PPL4O1,SHAL.1,ZLUN41,ZSM1..,,,,,6
"Saline, Leonard",F,187762610,10,AVI2O1,CHC2D1,CIVCAR,ENG2D1,MPM2D1,PPL2O8,SNC2D1,TCJ2O2,ZLUN21,ZLUN22,10
"Millhouse, Caitlin",F,630895239,11,CGF3M1,CHW3M1,CLU3M1,ENG3U1,FSF3U1,HSP3U1,MCF3M1,NBV3C1,ZLUN31,ZLUN32,10
"Laborde, Annetta",M,364369365,9,AVI1O1,CGC1D1,ENG1D1,FSF1D1,MPM1D1,PPL1O8,SNC1D1,ZLUN11,ZLUN12,,9
"Orbell, Traci",M,880571253,10,ASM2O1,CHC2P1,CIVCAR,ENG2D1,GLE2O1,MFM2P1,SNC2P1,TFJ2O1,ZLUN21,ZLUN22,10
"Dealtry, Sissy",M,672805058,12,COP4X4,COP4X5,ENG4C1,MCT4C1,PPL4O1,ZLUN41,ZLUN42,,,,7
"Munson, Marcia",F,186259265,11,COP3X5,ENG3U1,MCR3U1,PAF3O1,PPL3O1,SBI3U1,TFJ3C1,ZLUN31,ZLUN32,,9
"Hoffhants, Jaycob",M,989544019,12,COP4X4,COP4X5,ENG4C1,MAP4C1,PPL4O1,ZLUN41,ZLUN42,,,,7
"Kight, Enola",M,827145883,9,CGC1P1,ELS2ON,ENG1P1,GLE1ON,KCWANN,KCWBNN,PPL1O9,SNC1P1,ZLUN11,ZLUN12,10
"Haile, Margaret",M,644909641,11,ENG3C1,GLE3O1,MBF3C1,NBV3C1,PAF3O1,SBI3C1,SVN3M1,TFJ3C1,ZLUN31,ZLUN32,10
"Poehl, Josceline",F,100773399,10,ASM2O1,AVI2O1,CHC2D1,CIVCAR,ENG2D1,MPM2D1,SNC2D1,TFJ2O1,ZLUN21,ZLUN22,10
"Porter, Sukie",F,126550587,12,AVI4M1,CHY4C1,ENG4C1,GLE4O1,PAF4O1,PPL4O1,ZLUN41,ZLUN42,,,8
"Hujsak, Breann",M,971589189,12,BBB4M1,BOH4M1,CHY4U1,ENG4U1,HSB4U1,MDM4U1,ZLUN41,ZLUN42,,,8
"Nickolson, Mirabelle",M,966394745,9,CGC1P1,ENG1P1,FSF1P1,GLE1O1,MFM1P1,PPL1O9,SNC1P1,TIJ1O1,ZLUN11,ZLUN12,10
"Blatenberger, Connie",F,983732796,10,CHC2D1,CHV2O1,ENG2D1,GLC2O1,MPM2D1,PPL2O9,SNC2D1,TCJ2O2,TEJ2O1,ZLUN21,11
"Stewart, Edward",M,525549256,11,ADA3M1,HPC3O1,HRT3M1,HSP3U1,MCF3M1,NBE3U1,NBV3C1,TFJ3C1,ZLUN31,ZLUN32,10
"Gilman, Femie",F,962690895,12,COP3X0,ENG4C1,MAP4C1,SCH4C1,TGJ4M1,ZLUN41,,,,,6
"Billimek, Scotty",F,124545613,11,ADA3M1,ENG3C1,GLE3O1,HPC3O1,MBF3C1,NBV3C1,PAF3O1,TWJ3E1,ZLUN31,ZLUN32,10
"Cram, Toby",F,958717581,12,CHY4C1,MAP4C1,ZLUN41,ZSM1..,,,,,,,4
"Hildyard, Amilia",M,363499658,9,CGC1D1,ENG1D1,FSF1D1,GLE1O1,MPM1D1,PPL1O9,SNC1D1,TIJ1O1,ZLUN11,ZLUN12,10
"Mary, Denzil",M,751655454,9,ADA1O1,BTT1O1,CGC1P1,ENG1P1,FSF1P1,MPM1D1,PPL1O8,SNC1P1,ZLUN11,ZLUN12,10
"Fields, Travis",F,718224479,11,ENG3U1,HSP3U1,MCR3U1,MDM4U1,PPL3O1,SBI3U1,SCH3U1,SPH3U1,ZLUN31,ZLUN32,10
"Magor, Roswell",M,564173288,9,ADA1O1,CGC1D1,ENG1D1,FSF1D1,MPM1D1,PPL1O8,SNC1D1,TGJ1O1,ZLUN11,ZLUN12,10
"Mills, Rollo",M,820264588,9,AVI1O1,CGC1D1,ENG1D1,FSF1D1,MPM1D1,PPL1O8,SNC1D1,TIJ1O1,ZLUN11,ZLUN12,10
"Bould, Pamila",M,396052670,9,AVI1O1,BTT1O1,CGC1D1,ENG1D1,FSF1D1,MPM1D1,PPL1O8,SNC1D1,ZLUN11,ZLUN12,10
"Elinor, Loyd",M,220938005,11,ADA3M1,AMI3M1,AMR3M1,BTA3O1,ENG3U1,HSP3U1,ICS3U1,MCR3U1,PAF3O1,ZLUN31,11
"Rose, Niles",M,888850076,10,ASM2O1,CHC2D1,CHV2O1,CIVCAR,ENG2D1,MFM2P1,PPL2O8,SNC2D1,TFJ2O1,ZLUN21,11
"Hirleman, Regina",F,529246880,12,ENG4C1,HHG4M1,HIP4O1,MAP4C1,PPL4O1,SBI3C1,SCH4C1,ZLUN41,ZLUN42,,9
"Werry, Rube",F,456003243,9,AMR1O1,AMV1O1,BTT1O1,CGC1D1,ENG1D1,FSF1D1,MPM1D1,PPL1O8,SNC1D1,ZLUN11,11
"Fox, Regana",F,370590243,9,AVI1O1,CGC1D1,ENG1D1,FSF1D1,MPM1D1,PPL1O8,SNC1D1,TGJ1O1,ZLUN11,ZLUN12,10
"Anderson, Precious",M,942139006,10,ASM2O1,CHC2D1,CIVCAR,ENG2D1,MFM2P1,PPL2O8,SNC2D1,TGJ2O1,ZLUN21,ZLUN22,10
"Bode, Alanna",F,526144297,9,AMI1O1,BTT1O1,CGC1D1,ENG1D1,FSF1D1,MPM1D1,PPL1O9,SNC1D1,ZLUN11,ZLUN12,10
"Weingarten, Tucker",M,274665917,11,AMG2O1,ENG3U1,ENG4U1,GLE2O1,MCR3U1,PAF3O1,TEJ3M1,ZLUN31,ZLUN32,,9
"Gearhart, Barrett",M,880785920,9,AMI1O2,BTT1O1,CGC1P1,ENG1P1,FSF1P1,MFM1P1,PPL1O9,SNC1P1,ZLUN11,ZLUN12,10
"Sanborn, Candida",M,853770936,12,NBV3C1,TWJ3E1,ZSM1..,,,,,,,,3
"Sloan, Fancy",F,522982546,11,AMG2O1,AWQ3O1,CHC2D1,ENG3U1,ENG4U1,HRT3M1,HSP3U1,MCR3U1,ZLUN31,ZLUN32,10
"Gibson, Jaydon",F,307835245,12,BOH4M1,CIA4U1,ENG4U1,HHS4U1,HSB4U1,MDM4U1,TGJ4M1,ZLUN41,ZLUN42,,9
"Stafford, Piety",M,262151957,9,ADA1O1,CGC1D1,ENG1D1,FSF1D1,HFN1O1,MPM1D1,PPL1O8,SNC1D1,ZLUN11,ZLUN12,10
"Pritchard, Alexandra",M,740839150,12,ENG3CX,GLE3OX,SHAL.1,,,,,,,,3
"Read, Mayra",F,830460652,9,ADA1O1,CGC1D1,ENG1D1,FSF1D1,HFN1O1,MPM1D1,PPL1O8,SNC1D1,ZLUN11,ZLUN12,10
"Pullman, Miracle",F,703036141,11,ENG3U1,MCR3U1,PPL3O1,SCH3U1,SCH4U1,SPH3U1,TFJ3C1,ZLUN31,ZLUN32,,9
"Linton, Grenville",F,544370104,10,ASM2O1,BBI2O1,CHC2D1,CIVCAR,ENG2D1,MPM2D1,SNC2P1,TFJ2O1,ZLUN21,ZLUN22,10
"Barth, Chad",M,466839835,10,ASM2O1,BBI2O1,CHC2P1,CIVCAR,ENG2D1,MFM2P1,SNC2P1,TFJ2O1,ZLUN21,ZLUN22,10
"Knopsnider, Dorian",F,206469458,9,ADA1O1,CGC1D1,ENG1D1,FSF1D1,HFN1O1,MPM1D1,PPL1O9,SNC1D1,ZLUN11,ZLUN12,10
"Huey, Adrianna",F,528129772,11,CHW3M1,COP3X9,ENG3C1,MBF3C1,ZLUN31,ZLUN32,,,,,6
"Lombardi, Rickey",M,373073075,9,BTT1O1,CGC1D1,ENG1D1,FSF1P1,GLE1O1,MPM1D1,PPL1O9,SNC1D1,ZLUN11,ZLUN12,10
"Wile, Trev",F,915201302,12,ENG4U1,EWC4U1,MCV4U1,MHF4U1,PAF4O1,SBI4U1,SCH4U1,SPH4U1,ZLUN41,ZLUN42,10
"Wood, Shelby",F,848562985,9,AMG2O1,AMR1O1,CGC1D1,ENG1D1,FSF1D1,MPM1D1,PPL1O9,SNC1D1,TEJ2O1,ZLUN11,11
"Alice, Janessa",M,487264825,12,CHY4C1,CIA4U1,ENG4U1,EWC4U1,HHG4M1,HHS4U1,MDM4U1,ZLUN41,ZLUN42,,9
"Wilks, Raynard",M,927082209,12,BTA3O1,ENG3E1,MEL3E1,PPL4O1,ZLUN41,ZLUN42,,,,,6
"Mckee, Brooklyn",F,134665473,12,CGR4M=,SHAL.1,,,,,,,,,2
"Straub, Yolonda",F,584729365,12,CHY4C1,CLN4U1,ENG4U1,HHG4M1,ZLUN41,ZLUN42,,,,,6
"Swift, Haydee",F,737789108,12,ENG3EB,GLE3OB,SHAL.1,,,,,,,,3
"Mull, Gavin",M,435256968,10,AMG2O1,CHC2D1,CIVCAR,ENG2D1,MPM2D1,SNC2D1,TCJ2O1,TGJ2O1,ZLUN21,ZLUN22,10
"Dean, Macy",F,695523462,11,ENG3C1,HSP3C1,MBF3C1,NBV3C1,PPL3O1,TCJ2OT,TCJ3C1,ZLUN31,ZLUN32,,9
"Dimeling, Kaleigh",M,192854063,12,CLN4U1,ENG4UE,HSB4U1,HZT4U1,MCV4U1,MHF4U1,SBI4U1,SCH4U1,ZLUN41,ZLUN42,10
"Woodworth, Chantel",F,518312284,9,AVI1O1,CGC1D1,ENG1D1,FSF1D1,HFN1O1,MPM1D1,PPL1O8,SNC1D1,ZLUN11,ZLUN12,10
"Stern, Jareth",M,121416415,9,CGC1P1,ELS2ON,ENG1P1,GLE1ON,KCWANN,KCWBNN,PPL1O9,SNC1P1,ZLUN11,ZLUN12,10
"Smith, Tristin",F,267401350,11,COP3X6,ENG3U2,GPP3O2,HIP4O1,HSP3U1,MBF3C1,PAD3O2,PAF3O1,PPL3O2,YYY4X1,11
"Davis, Lance",M,596900066,10,CHC2P1,CIVCAR,ENG2D1,MFM2P1,PAF3O1,PPL2O8,SNC2P1,TCJ2O2,ZLUN21,ZLUN22,10
"Erschoff, Cassian",F,845423582,10,BTA3O1,CHC2PV,ENG2PV,MFM2PV,PPL2O9,SNC2PV,TCJ2O2,TFJ2O1,ZLUN21,ZLUN22,10
"Orner, Fawn",M,301413073,12,ADA4M1,AVI4M1,ENG4C1,HHG4M1,HIP4O1,HSP3C1,MEL4E1,ZLUN41,ZLUN42,,9
"Weldy, Bobbi",M,416010101,11,BMI3C1,ENG3C1,GLE3O1,MEL3E1,NBV3C1,TCJ4C1,TFJ3C1,TWJ3E1,ZLUN31,ZLUN32,10
"Pierce, Reynard",M,621362533,9,AVI1O1,CGC1D1,ENG1D1,FSF1D1,MPM1D1,PPL1O8,SNC1D1,TIJ1O1,ZLUN11,ZLUN12,10
"Weeks, Chadwick",M,227156083,9,AMI1O2,AVI1O1,CGC1D1,ENG1D1,FSF1D1,MPM1D1,PPL1O8,SNC1D1,ZLUN11,ZLUN12,10
"Nehling, Valarie",F,212888563,10,ASM2O1,CHC2D1,CHV2O1,ENG2D1,GLC2O1,MFM2P1,PPL2O9,SNC2D1,TGJ2O1,ZLUN21,11
"Briggs, Meg",M,117224294,12,ENG4C1,MAP4C1,PPL4O1,SCH4C1,TFJ4C1,TWJ3E1,ZLUN41,ZLUN42,,,8
"Swarner, Lanny",F,424659209,12,AMV4M1,ENG4U1,HSB4U1,MCR3U1,SBI4U1,SCH4U1,ZLUN41,ZLUN42,,,8
"Conrad, Bee",F,491098783,10,ASM2O1,CHC2D1,CHV2O1,ENG2D1,FSF2D1,GLC2O1,MCR3U1,PPL2O8,SNC2D1,ZLUN21,11
"Raub, Joandra",M,514735834,10,AVI2O1,CHC2D1,CIVCAR,ENG2D1,FSF2D1,MPM2D1,PPL2O8,SNC2D1,ZLUN21,ZLUN22,10
"Napier, Amanda",F,444602866,12,AVI4M1,CLN4U1,ENG4U1,EWC4U1,HHG4M1,HSB4U1,PPL4O1,ZLUN41,ZLUN42,,9
"Lester, Rayner",M,268599131,12,CHY4U1,ENG4U1,MDM4U1,SBI4U1,SCH4U1,SES4U1,ZLUN41,ZLUN42,,,8
"Shotts, Fulton",F,985401604,10,AMG2O1,CHC2D1,CIVCAR,ENG2D1,ICS2O1,MPM2D1,SNC2D1,TFJ2O1,ZLUN21,ZLUN22,10
"Porter, Marshan",F,384270622,10,ASM2O1,CHC2D1,CIVCAR,ENG2D1,MPM2D1,PPL2O9,SNC2D1,TCJ2O1,ZLUN21,ZLUN22,10
"Wood, Linden",M,558364664,10,CIVCAR,ENG1P1,ENG2P1,GLE2O1,MFM1P1,MFM2P1,PPL2O9,SNC2P1,ZLUN21,ZLUN22,10
"Ashbaugh, Jadyn",F,606444069,11,ENG2PT,ENG3C1,GLE3O1,MBF3C1,TCJ2OT,TCJ3C1,ZLUN31,ZLUN32,,,8
"Birdsall, Lindsie",F,787304328,11,CHW3M1,ENG3U1,HRT3M1,HSP3U1,MBF3C1,NBV3C1,PPL3O1,SBI3U1,ZLUN31,ZLUN32,10
"Sidower, Laurelle",F,277775191,10,BBI2O1,CHC2D1,CIVCAR,ENG2D1,FSF2D1,MPM2D1,SNC2D1,TCJ2O2,ZLUN21,ZLUN22,10
"Kline, Quiana",M,388519201,12,BBB4M1,CLN4U1,ENG4U1,FSF4U1,HHG4M1,HSB4U1,HZT4U1,ZLUN41,ZLUN42,,9
"Queer, Darren",F,500920318,12,ENG4U1,MCV4U1,MHF4U1,SBI4U1,SCH4U1,SPH4U1,ZLUN41,ZLUN42,,,8
"Eva, Cathryn",M,430822932,10,AMR2O1,CHC2D1,CIVCAR,ENG2D1,MCR3U1,MPM2D1,PPL2O8,SNC2D1,TFJ2O1,ZLUN21,11
"Stroble, Karly",M,883949229,11,AVI2O1,ENG3U1,MCR3U1,PAF3O1,PPL3O1,SBI3U1,SCH3U1,SPH3U1,ZLUN31,ZLUN32,10
"Rifler, Perlie",M,782509412,12,CGR4M1,ENG4U1,FSF4U1,HSB4U1,HZT4U1,MHF4U1,SCH4U1,SES4U1,ZLUN41,ZLUN42,10
"Mcfall, Jeanette",M,303349994,10,CHC2D1,CIVCAR,ENG2D1,LWSBD1,MFM2P1,PPL2O8,SNC2P1,TFJ2O1,ZLUN21,ZLUN22,10
"Hoover, Jay",M,825301728,9,AMI1O2,AMR1O1,BTT1O1,CGC1D1,ENG1D1,FSF1D1,MPM1D1,PPL1O9,SNC1D1,ZLUN11,11
"Powers, Kameron",F,461486657,10,ASM2O1,BBI2O1,CHC2D1,CIVCAR,ENG2D1,FSF2D1,MPM2D1,SNC2D1,ZLUN21,ZLUN22,10
"Bynum, Nigelia",M,997144490,11,CHC2D1,ESLDO1,ESLEO1,MCR3U1,MDM4U1,PAF4O1,SCH3U1,TFJ3C1,ZLUN31,ZLUN32,10
"Muller, Ravenna",F,494213998,12,AVI4M1,CLN4U1,ENG4U1,MCV4U1,MDM4U1,MHF4U1,PPL4O1,SPH4U1,ZLUN41,ZLUN42,10
"Fischer, Bastian",F,988066150,10,AMG2O1,CHC2D1,CHV2O1,ENG2D1,FSF2D1,GLC2O1,MFM2P1,SNC2P1,TFJ2O1,ZLUN21,11
"Toyley, Lorin",F,401204754,10,AVI2O1,CHC2D1,CIVCAR,ENG2D1,FSF2D1,MPM2D1,PPL2O8,SNC2D1,ZLUN21,ZLUN22,10
"Strickland, Andra",M,835033040,12,CGR4M=,SHAL.1,,,,,,,,,2
"Heyman, Gosse",F,125937334,10,AMG2O1,CHC2D1,CHV2O1,ENG2D1,FSF2D1,GLC2O1,MPM2D1,SNC2D1,TEJ2O1,ZLUN21,11
"Sommer, Wendell",M,221518269,11,AMI3M1,AMR3M1,CGF3M1,ENG3U1,ICS3U1,MCR3U1,SBI3U1,TCJ3C1,TWJ3E1,ZLUN31,11
"Bennett, Johnathon",F,223539776,12,ENG4U1,ICS3U1,MCV4U1,SBI3U1,SBI4U1,SES4U1,SPH4U1,ZLUN41,,,8
"Albright, Issac",M,484586364,12,AVI2O1,ENG2D1,ESLDO1,MCV4U1,SCH3U1,SCH4U1,SES4U1,SPH3U1,ZLUN41,ZLUN42,10
"Ullman, Meghan",F,690874544,10,AMI2O1,BBI2O1,CIVCAR,ESLAO1,ESLBO1,MPM2D1,PPL2O8,SNC2D1,ZLUN21,ZLUN22,10
"Kimmons, Alys",M,592354523,10,AMR2O1,AVI2O1,CHC2D1,CIVCAR,ENG2D1,MPM2D1,SNC2D1,TEJ2O1,TFJ2O1,ZLUN21,11
"Mcmullen, Maralyn",M,111636401,12,ENG2D1,ESLDO1,ICS2O1,ICS3U1,MCR3U1,MDM4U1,SCH4U1,SPH3U1,SVN3M1,ZLUN41,11
"Warner, Catherine",F,934210345,9,AVI1O1,CGC1D1,ENG1D1,FSF1P1,MPM1D1,PPL1O9,SNC1D1,TIJ1O1,ZLUN11,ZLUN12,10
"Carden, Deforrest",M,256076869,12,AVI4M1,AWM4M1,BOH4M1,ENG4U1,HSB4U1,HZT4U1,ZLUN41,ZLUN42,,,8
"Weldi, Crystal",M,660071582,12,AVI3M1,ENG3U1,HPC3O1,HRT3M1,HSP3U1,MBF3C1,NBV3C1,ZLUN31,ZLUN32,,9
"Hallauer, Jerrod",M,183049526,11,ALP4X2,ENG2DB,ENG3C1,ENG4CK,MBF3C1,ZLUN32,,,,,6
"Gongaware, Roly",M,935868739,12,CGD3M1,ESLDO1,ESLEO1,ICS2O1,MBF3C1,MCR3U1,SNC2D1,SPH3U1,ZLUN41,ZLUN42,10
"Candles, Colton",F,450765655,11,CHV2O1,ESLCO1,ESLDO1,GLC2O1,ICS2O1,MBF3C1,MCF3M1,SHAL.1,SNC2P1,ZLUN31,10
"Barkley, Mercy",M,539730093,11,BAF3M1,ENG3U1,ICS3U1,MCR3U1,SBI3U1,SCH3U1,SPH3U1,TEJ3M1,ZLUN31,ZLUN32,10
"Hice, Gomer",M,626305599,11,AWQ3O1,CGF3M1,CLU3M1,ENG3U1,FSF3U1,HRT3M1,MCF3M1,PPL3O1,ZLUN31,ZLUN32,10
"Williams, Marlene",F,565368910,11,AMI3M1,AMR3M1,CLU3M1,ENG3U1,FSF3U1,HSP3U1,MCR3U1,SBI3U1,SCH3U1,ZLUN31,11
"Reighner, Eglantine",M,815231848,12,BTA3O1,ENG3C1,ENG4C1,MAP4C1,MBF3C1,PAF3O1,PAF4O1,SCH4C1,ZLUN41,ZLUN42,10
"Coldsmith, Lyn",F,223993138,9,AMI1O2,BTT1O1,CGC1D1,ENG1D1,FSF1D1,MPM1D1,PPL1O9,SNC1D1,ZLUN11,ZLUN12,10
"Fair, Miriam",F,713801716,9,AVI1O1,CGC1P1,ENG1P1,GLE1O1,MFM1P1,PPL1O9,SNC1P1,TIJ1O1,ZLUN11,ZLUN12,10
"Jerome, Fannie",M,464265799,10,ADA2O1,CIVCAR,ENG2L1,GLE2O1,MAT2L1,SHAL.1,SNC1L1,TFJ2O1,ZLUN21,ZLUN22,10
"Focell, Edwyna",F,970759158,11,COP3X0,ENG3C1,GLE3O1,ICS3C1,MEL3E1,NBV3C1,TGJ3M1,ZLUN31,ZLUN32,,9
"Alington, Ulric",F,260978625,12,COP4X5,ENG4C1,HHS4U1,HPC3O1,MAP4C1,PPL4O1,ZLUN41,ZLUN42,,,8
"Felbrigge, Linzi",M,211657546,10,ASM2O1,CHC2D1,CIVCAR,ENG2D1,MPM2D1,SNC2D1,TEJ2O1,TGJ2O1,ZLUN21,ZLUN22,10
"Kanaga, Wenona",F,670588404,10,CGD3M1,CHC2D1,CIVCAR,ENG2D1,FSF2D1,MPM2D1,PPL2O9,SNC2D1,ZLUN21,ZLUN22,10
"Courtney, Russel",M,406098473,11,ADA3M1,AVI2O1,ENG3C1,MBF3C1,PPL3O1,TCJ3C1,TFJ3C1,TWJ3E1,ZLUN31,ZLUN32,10
"Green, Elfleda",F,570256711,12,AVI4M1,AWM4M1,BOH4M1,CIA4U1,ENG4U1,HSB4U1,HZT4U1,SHAL.1,ZLUN41,ZLUN42,10
"Sulyard, Sharona",F,146585040,10,ASM2O1,AVI2O1,CHC2D1,CIVCAR,ENG2D1,MFM2P1,PPL2O8,SNC2P1,ZLUN21,ZLUN22,10
"Blaine, Melicent",M,817746917,12,BBI2O1,ENG3CC,GLE4O1,OLC4O1,SVN3M1,ZLUN41,,,,,6
"Lear, Randy",M,120731367,9,CGC1P1,ENG1P1,FSF1P1,HFN1O1,MFM1P1,PPL1O8,SNC1P1,TGJ1O1,ZLUN11,ZLUN12,10
"Tomlinson, Marnie",F,275015878,11,BAF3M1,CLU3M1,ENG3U1,FSF3U1,HSP3U1,MCR3U1,SBI3U1,SCH3U1,ZLUN31,ZLUN32,10
"Taylor, Vere",M,684985673,12,ENG3CB,ENG4CK,HPC3O1,NBV3C1,TFJ4C1,ZLUN41,ZLUN42,,,,7
"Hook, Nikki",M,627032099,12,ENG4C1,HSB4U1,MAP4C1,TFJ3CT,TFJ4C1,ZLUN41,ZLUN42,,,,7
"Steele, Linette",M,619949101,11,CHW3M1,COP3X6,ENG3U2,GPP3O2,MCF3M1,NBV3C1,PAD3O2,PAF3O1,PPL3O2,YYY4X1,11
"Frankenberger, Ciel",F,123574053,12,BBB4M1,ENG4U1,HHS4U1,HSB4U1,MDM4U1,PPL4O1,ZLUN41,ZLUN42,,,8
"Garratt, Emily",F,404053431,10,CHC2P1,CIVCAR,ENG2D1,FSF1D1,MCR3U1,PPL2O8,SNC2D1,TCJ2O2,ZLUN21,ZLUN22,10
"Graff, Ridley",F,487454812,12,CLN4U1,ENG4U1,EWC4U1,HHG4M1,HSB4U1,HZT4U1,MAP4C1,ZLUN41,ZLUN42,,9
"Evans, Brooks",F,241737388,10,CHC2D1,CIVCAR,ENG2D1,ICS2O1,LWSBD1,MPM2D1,PPL2O9,SNC2D1,ZLUN21,ZLUN22,10
"Ammons, Biddy",M,252166275,12,BBB4M1,CIA4U1,ENG3U1,ENG4U1,MCV4U1,MDM4U1,MHF4U1,ZLUN41,ZLUN42,,9
"Patton, Maybelle",M,140796087,10,CGD3M1,CHC2P1,CIVCAR,ENG2P1,PPL2O8,SNC2P1,TFJ2O1,ZLUN21,ZLUN22,,9
"Snyder, Willie",F,389454074,11,ADA3M1,ENG3U1,HPC3O1,MBF3C1,NBV3C1,PPL3O1,SBI3C1,TFJ3C1,ZLUN31,ZLUN32,10
"Pirl, Baylee",M,351947451,12,CIA4U1,CLN4U1,ENG4U1,HHG4M1,HHS4U1,HSB4U1,HZT4U1,ZLUN41,ZLUN42,,9
"Greene, Eleanor",F,958366823,12,CHY4U1,CLN4U1,ENG4U1,EWC4U1,FSF4U1,HSB4U1,HZT4U1,ZLUN41,ZLUN42,,9
"Zoucks, Justice",F,414761531,10,ASM2O1,CHC2D1,CIVCAR,ENG2D1,MFM2P1,PPL2O9,SNC2P1,TGJ2O1,ZLUN21,ZLUN22,10
"Ward, Valda",F,496192322,11,AVI1O1,ENG2LX,ENG3E1,GLE2OX,MEL3E1,SNC2L1,ZLUN31,ZLUN32,,,8
"Patterson, Deandre",F,404634756,9,AVI1O1,CGC1D1,ENG1D1,FSF1D1,HFN1O1,MPM1D1,PPL1O8,SNC1D1,ZLUN11,ZLUN12,10
"Eckert, Carita",F,754744935,9,ADA1O1,CGC1D1,ENG1D1,FSF1D1,MPM1D1,PPL1O9,SNC1D1,TGJ1O1,ZLUN11,ZLUN12,10
"Trout, Sheard",M,466656505,11,BMI3C1,CLU3M1,ENG3U1,HSP3U1,MCR3U1,SBI3U1,SCH3U1,SPH3U1,ZLUN31,ZLUN32,10
"Beck, Archibald",M,757064355,9,ADA1O1,BTT1O1,CGC1D1,ENG1D1,FSF1D1,MPM1D1,PPL1O8,SNC1D1,ZLUN11,ZLUN12,10
"Young, Jacklyn",F,564710333,10,CHC2D1,CIVCAR,ENG2D1,LWSBD1,MFM2P1,PPL2O8,SNC2P1,TEJ2O1,ZLUN21,ZLUN22,10
"King, Lucetta",M,499839331,12,ADA4M1,ENG4U1,EWC4U1,HHG4M1,HHS4U1,HSB4U1,ZLUN41,ZLUN42,,,8
"Cowher, Lovel",F,237001875,9,ADA1O1,CGC1D1,ENG1D1,FSF1D1,MPM1D1,PPL1O8,SNC1D1,TIJ1O1,ZLUN11,ZLUN12,10
"Pheleps, Sinclair",F,482502532,12,BOH4M1,CGR4M1,CHY4U1,ENG4U1,HSB4U1,MDM4U1,PSE4U1,ZLUN41,ZLUN42,,9
"Sanders, Marilene",M,909053377,10,CGD3M1,CHC2D1,CIVCAR,ENG2P1,MFM2P1,PPL2O9,SNC2P1,TFJ2O1,ZLUN21,ZLUN22,10
"Ryals, Trace",M,266752073,11,HFA4U1,HFN1O1,HHG4M1,HSB4U1,MCF3M1,SBI3C1,SCH3U1,SNC2D1,ZLUN31,ZLUN32,10
"Howe, Gawain",M,105740593,12,BBB4M1,HFA4U1,HSB4U1,MDM4U1,ZLUN41,ZSM1..,,,,,6
"Van, Kelvin",M,483675271,12,ENG4U1,MCV4U1,MHF4U1,SBI4U1,SPH4U1,ZLUN42,,,,,6
"Rhodes, Gemma",F,806464383,12,BAT4M1,BBB4M1,BOH4M1,CIA4U1,ENG4U1,MCV4U1,MHF4U1,PPL4O1,ZLUN41,ZLUN42,10
"Bowchiew, Daley",M,486085748,9,AMI1O2,AMR1O1,CGC1D1,ENG1D1,FSF1D1,HFN1O1,MPM1D1,PPL1O8,SNC1D1,ZLUN11,11
"Leonard, Laura",F,425441315,9,KBBANR,KCCANR,KCWANR,KENANR,KGLANR,KGWANR,KHDANR,KHIANR,ZLUN11,ZLUN12,10
"Brown, Flick",F,966761665,10,ASM2O1,CHC2D1,CIVCAR,ENG2D1,FSF2D1,MPM2D1,SNC2D1,TCJ2O2,ZLUN21,ZLUN22,10
"Johnson, Nona",M,914668756,9,AVI1O1,BTT1O1,CGC1D1,ENG1D1,FSF1D1,MPM1D1,PPL1O8,SNC1D1,ZLUN11,ZLUN12,10
"Warner, Brody",F,257860134,12,ENG4U1,FSF4U1,MCV4U1,MHF4U1,SCH4U1,SPH4U1,TGJ4M1,ZLUN41,ZLUN42,,9
"Wardle, Dwayne",F,190137816,10,AMG2O1,CHC2D1,CIVCAR,ENG2D1,MPM2D1,PPL2O9,SNC2D1,TEJ2O1,ZLUN21,ZLUN22,10
"Jackson, Sabrina",M,321308684,10,AMG2O1,AVI2O1,CHC2P1,CIVCAR,ENG2L1,MAT2L1,PPL2O8,SNC2P1,ZLUN21,ZLUN22,10
"Baldwin, Ray",M,376863290,11,AMR3M1,AWQ3O1,MBF3C1,OLC4O1,PPL4O1,TFJ2OT,TFJ3C1,ZLUN31,ZLUN32,,9
"Ruhl, Stanford",M,355625248,10,AVI2O1,BBI2O1,CHC2D1,CIVCAR,ENG2D1,MPM2D1,PPL2O9,SNC2D1,ZLUN21,ZLUN22,10
"Shafer, Philip",F,656639204,12,BAF3M1,ENG4U1,ICS4U1,MCV4U1,MHF4U1,SCH4U1,ZLUN41,ZLUN42,,,8
"Sayre, Mae",M,667477289,11,BMI3C1,CLU3M1,COP3X0,HSP3U1,MCF3M1,NBE3U1,SBI3U1,ZLUN31,ZLUN32,,9
"Driggers, Lalage",M,878349796,11,BMI3C1,CGF3M1,ENG3U1,HSP3U1,MCR3U1,PAF3O1,SCH3U1,SPH3U1,ZLUN31,ZLUN32,10
"Moffat, Dallas",F,991676933,9,AVI1O1,CGC1D1,ENG1D1,FSF1D1,MPM1D1,PPL1O8,SNC1D1,TGJ1O1,ZLUN11,ZLUN12,10
"Barnes, Zavanna",M,518202121,11,CGF3M1,ENG3U1,ICS3U1,MCR3U1,SBI3U1,SCH3U1,SPH3U1,TEJ3M1,ZLUN31,ZLUN32,10
"Williams, Nena",M,302178304,11,AWQ3O1,CHW3M1,ENG3U1,FSF3U1,HSP3U1,MCF3M1,PAF3O1,SBI3U1,ZLUN31,ZLUN32,10
"Unk, Caesar",M,993909055,11,AVI3M1,AWQ3O1,AWT3O1,CGD3M1,ENG3U1,MBF3C1,TEJ3M1,TGJ3M1,ZLUN31,ZLUN32,10
"Harrold, Mayson",F,344537817,9,AMI1O2,AVI1O1,CGC1D1,ENG1D1,FSF1D1,MPM1D1,PPL1O8,SNC1D1,ZLUN11,ZLUN12,10
"David, Sherley",M,591996704,11,ENG3U1,FSF3U1,ICS3U1,MCR3U1,PAF3O1,PPL3O1,SCH3U1,TEJ3M1,ZLUN31,ZLUN32,10
"Braun, Trey",M,356611039,10,ADA2O1,CHC2D1,CHV2O1,ENG2D1,FSF2D1,GLC2O1,PPL2O8,SNC2D1,ZLUN21,ZLUN22,10
"Reiss, Goddard",F,944938564,11,COP3X6,ENG3U2,GPP3O2,MBF3C1,NBV3C1,PAD3O2,PPL3O2,SNC2PC,YYY4X1,ZLUN31,10
"Appleby, Rowena",M,376441407,12,AWQ3O1,ENG4U1,ETS4U1,EWC4U1,HIP4O1,HSB4U1,HZT4U1,ZLUN41,ZLUN42,,9
"Mccullough, Ria",F,315063212,12,CGR4M=,SHAL.1,,,,,,,,,2
"Atkinson, Paula",M,138259218,11,ENG2PB,ENG3C1,GLE3O1,GLE4O1,MEL3E1,TCJ3C1,TWJ3E1,ZLUN31,ZLUN32,,9
"Fea, Cordula",M,916789253,11,BTA3O1,ENG3U1,MCF3M1,MPM2D1,PPL3O1,TCJ3C1,TDJ3M1,TEJ3M1,ZLUN31,ZLUN32,10
"Ewing, Garnet",M,672085453,12,ENG3CB,ENG4CK,MBF3CB,,,,,,,,3
"Hughes, Braxton",F,611081991,9,BTT1O1,CGC1D1,ENG1D1,FSF1D1,GLE1O1,MPM1D1,PPL1O8,SNC1D1,ZLUN11,ZLUN12,10
"Osterweis, Christian",F,549651077,12,AMV3M1,BTA3O1,CHY4C1,CLN4U1,ENG4C1,FSF1D1,MEL3E1,MEL4E1,ZLUN32,,9
"Baxter, Beverly",M,895812692,9,ADA1O1,CGC1D1,ENG1D1,FSF1P1,MPM1D1,PPL1O9,SNC1D1,TGJ1O1,ZLUN11,ZLUN12,10
"Barr, Unice",M,303486026,12,BBB4M1,BOH4M1,MAP4C1,SHAL.1,ZLUN41,ZLUN42,,,,,6
"Toulmin, Frazier",F,161194370,11,CHW3M1,CLU3M1,ENG3U1,HSP3U1,MCF3M1,MCR3U1,SBI3U1,SCH3U1,ZLUN31,ZLUN32,10
"Wentzel, Keeleigh",M,931234181,12,CGR4M=,SHAL.1,,,,,,,,,2
"Goodman, Frederica",F,381594597,10,CHC2P1,CIVCAR,ENG2P1,PPL2O9,SNC2P1,TCJ2O1,TCJ2O2,ZLUN21,ZLUN22,,9
"Roberts, Avis",M,394927831,11,CHW3M1,ENG3U1,MCF3M1,PPL3O1,SBI3C1,TCJ3C1,TFJ3C1,TWJ3E1,ZLUN31,ZLUN32,10
"Hincken, Hettie",M,390845007,10,ASM2O1,CHC2P1,CIVCAR,ENG2P1,GLE2O1,MFM2P1,SNC2P1,TFJ2O1,ZLUN21,ZLUN22,10
"Milne, Deryck",F,249721510,11,KBBANR,KCCANR,KCWANR,KENANR,KGLANR,KGWANR,KHDANR,KHIANR,ZLUN31,ZLUN32,10
"Miller, Fortune",F,875048721,9,AVI1O1,BTT1O1,CGC1PV,ENG1PV,MFM1PV,PPL1O9,SNC1PV,TGJ1O1,ZLUN11,ZLUN12,10
"Rowley, Brad",M,603487810,12,CGR4M=,SHAL.1,,,,,,,,,2
"Ropes, Valary",F,514919348,12,CGR4M=,SHAL.1,,,,,,,,,2
"Willey, Dick",F,677382545,12,ENG4U1,HSB4U1,HZT4U1,MHF4U1,SBI4U1,SCH3U1,SCH4U1,ZLUN41,ZLUN42,,9
"Keister, Gage",F,162841290,10,AMI2O1,AMR2O1,CHC2D1,CIVCAR,ENG2D1,FSF1D1,FSF2D1,MFM2P1,SNC2P1,ZLUN21,11
"Hegarty, Edith",M,609209891,12,ENG4U1,HSB4U1,MCV4U1,MHF4U1,SBI4U1,SCH4U1,SPH3U1,SPH4U1,ZLUN41,ZLUN42,10
"Rohtin, Ross",F,437010057,10,CHC2D1,CIVCAR,ENG2D1,MPM2D1,PPL2O9,SNC2D1,TCJ2O2,TGJ2O1,ZLUN21,ZLUN22,10
"Swabey, Stephany",F,846299284,9,CGC1P1,ENG1P1,FSF1P1,MFM1P1,PPL1O9,SNC1P1,TGJ1O1,TIJ1O1,ZLUN11,ZLUN12,10
"Pyle, Piper",M,339895559,10,CHC2D1,CIVCAR,ENG2D1,ICS2O1,MPM2D1,PPL2O9,SNC2D1,TCJ2O2,ZLUN21,ZLUN22,10
"Butterfill, Rosie",F,370273592,9,ADA1O1,CGC1D1,ENG1D1,FSF1P1,MPM1D1,PPL1O9,SNC1D1,TIJ1O1,ZLUN11,ZLUN12,10
"Faast, Rubye",F,978413692,10,CHC2D1,CIVCAR,ENG2D1,MPM2D1,PPL2O9,SNC2D1,TEJ2O1,TGJ2O1,ZLUN21,ZLUN22,10
"Bollinger, Gus",M,546022493,10,BBI2O1,CGD3M1,CHC2D1,CIVCAR,ENG2D1,MPM2D1,PPL2O9,SNC2D1,ZLUN21,ZLUN22,10
"Lacon, Eryn",F,380143705,10,ADA2O1,CHC2D1,CIVCAR,ENG2D1,MPM2D1,PPL2O9,SNC2D1,TCJ2O2,ZLUN21,ZLUN22,10
"Cypret, Willard",F,508835446,9,AVI1O1,CGC1D1,ENG1D1,FSF1D1,MPM1D1,PPL1O9,SNC1D1,TIJ1O1,ZLUN11,ZLUN12,10
"Eisenmann, Fredrick",M,375376248,10,CHC2D1,CIVCAR,ENG2D1,LWSBD1,MPM2D1,PPL2O9,SNC2D1,TGJ2O1,ZLUN21,ZLUN22,10
"Hahn, Britney",F,718221942,9,AMI1O2,CGC1D1,ENG1D1,FSF1D1,MPM1D1,PPL1O9,SNC1D1,TGJ1O1,ZLUN11,ZLUN12,10
"Allshouse, Genista",F,927285448,9,AVI1O1,CGC1D1,ENG1P1,FSF1P1,GLE1O1,MFM1P1,PPL1O9,SNC1D1,ZLUN11,ZLUN12,10
"Geyer, Beauregard",M,792027751,12,ENG4C1,GLE4O1,HHG4M1,HIP4O1,MAP4C1,TFJ3C1,ZLUN41,ZLUN42,,,8
"Riggle, Dot",M,795656686,10,AVI2O1,CHC2P1,CIVCAR,ENG2P1,GLE2O1,ICS2O1,MFM2P1,SNC2P1,ZLUN21,ZLUN22,10
"Beard, Ilean",F,273839374,12,CHY4U1,ETS4U1,EWC4U1,HHG4M1,HHS4U1,HSB4U1,HZT4U1,ZLUN41,ZLUN42,,9
"Canham, Iolanthe",M,879724113,11,AMR3M1,ENG2DC,ENG3U1,FSF3U1,MCR3U1,SBI3U1,SCH3U1,SPH3U1,ZLUN31,ZLUN32,10
"Saltser, Roderic",F,346935430,12,ENG4U1,HHG4M1,MCV4U1,MHF4U1,PPL4O1,ZLUN41,ZLUN42,,,,7
"Wallace, Lotus",M,391998770,12,COP4X4,COP4X5,ENG4C1,MAP4C1,PPL4O1,ZLUN41,ZLUN42,,,,7
"Kellogg, Burton",M,210719833,11,BTA3O1,ENG3U1,HSP3U1,ICS3U1,MCF3M1,PAF3O1,SPH3U1,TEJ3M1,ZLUN31,ZLUN32,10
"Wynter, Luke",M,545512267,11,COP3X0,ENG3U1,FSF3U1,HPC3O1,HSP3U1,MCR3U1,SBI3U1,ZLUN31,ZLUN32,,9
"Woollard, Cleopatra",M,961712807,9,ADA1O1,CGC1D1,ENG1P1,FSF1P1,MFM1P1,PPL1O8,SNC1D1,TGJ1O1,ZLUN11,ZLUN12,10
"Robinson, Lissa",M,261907765,11,CLU3M1,ENG3U1,FSF3U1,HRT3M1,HSP3U1,MCR3U1,PPL3O1,SBI3U1,ZLUN31,ZLUN32,10
"Hector, Makayla",M,779976076,9,ELS2ON,ENG1P1,GLE1ON,HFN1O1,KCWANN,KCWBNN,MFM1P1,SNC1P1,ZLUN11,ZLUN12,10
"Bashline, Spencer",F,265568667,11,COP3X6,ENG3U2,GPP3O2,MEL3E1,PAD3O2,PAF4O1,PPL3O2,TDJ3M1,TFJ3C1,YYY4X1,11
"Wegley, Jerrold",F,657858169,11,ENG2LB,GLC2OB,SNC1L1,ZLUN31,ZLUN32,,,,,,5
"Prechtl, Dylan",M,827223162,12,CGR4M=,SHAL.1,,,,,,,,,2
"Enderly, Kip",F,197999857,10,AVI2O1,CHC2P1,CIVCAR,ENG2D1,MPM2D1,PPL2O9,SNC2D1,TCJ2O2,ZLUN21,ZLUN22,10
"Pittman, Indiana",F,992792867,10,BBI2O1,CHC2D1,CIVCAR,ENG2D1,MPM2D1,PPL2O9,SNC2D1,TEJ2O1,ZLUN21,ZLUN22,10
"Foster, Janey",F,553406758,11,BTA3O1,CGF3M1,CHW3M1,ENG3U1,MCF3M1,PPL3O1,TDJ3M1,TWJ3E1,ZLUN31,ZLUN32,10
"Peters, Caelie",M,535409580,10,CHC2D1,CIVCAR,ENG2D1,MPM2D1,PPL2O9,SNC2D1,TCJ2O1,TCJ2O2,ZLUN21,ZLUN22,10
"Ashmore, Pattie",F,495583873,11,ENG3U1,HSP3U1,MCR3U1,PAF3O1,PPL3O1,SCH3U1,SPH3U1,TWJ3E1,ZLUN31,ZLUN32,10
"Jenkins, Jonathan",F,545414912,12,BAT4M1,CIA4U1,CLN4U1,ENG4U1,HZT4U1,MDM4U1,PPL4O1,ZLUN41,ZLUN42,,9
"Cason, Warwick",F,705879955,9,AVI1O1,CGC1D1,ENG1D1,FSF1D1,MPM1D1,PPL1O9,SNC1D1,TIJ1O1,ZLUN11,ZLUN12,10
"Eckhardstein, Glory",M,833253483,12,BOH4M1,ENG4U1,MAP4C1,TFJ3CC,TFJ4C1,ZLUN41,ZLUN42,,,,7
"Pinney, Shane",M,330030116,12,ENG4U1,ETS4U1,EWC4U1,HHG4M1,HHS4U1,HSB4U1,ZLUN41,ZLUN42,,,8
"Cherry, Dell",M,794479801,9,BTT1O1,CGC1PV,ENG1PV,MFM1PV,PPL1O9,SNC1PV,TGJ1O1,TIJ1O1,ZLUN11,ZLUN12,10
"Best, Jocelyn",F,104489560,11,BMI3C1,CLU3M1,ENG3U1,MCF3M1,PAF3O1,PPL3O1,TCJ3C1,TWJ3E1,ZLUN31,ZLUN32,10
"Shirey, Kendra",F,224220668,11,AWT3O1,COP3X6,ENG3U2,FSF3U1,GPP3O2,MCF3M1,PAD3O2,PPL3O2,SBI3U1,YYY4X1,11
"Hays, Jaymes",M,887225974,10,ASM2O1,CHC2D1,CIVCAR,ENG2D1,ICS2O1,MPM2D1,SNC2D1,TCJ2O2,ZLUN21,ZLUN22,10
"Curry, Makenna",M,428079063,12,CIA4U1,ENG4U1,MCV4U1,MDM4U1,MHF4U1,SBI4U1,SCH4U1,SPH4U1,ZLUN32,ZLUN41,10
"Ramsey, Ricky",F,194501343,12,KBBANR,KCCANR,KCWANR,KENANR,KGLANR,KGWANR,KHDANR,KHIANR,ZLUN31,ZLUN32,10
"Hawkins, Sondra",M,250598666,12,AVI2O1,COP4X0,ENG3CB,GLC2OO,MEL3E1,ZLUN42,,,,,6
"Richter, Bertina",M,328157495,10,CHC2PV,ENG2PV,MFM2PV,PAF3O1,PPL2O8,SNC2PV,TFJ2O1,ZLUN21,ZLUN22,,9
"Surrency, Stacy",M,648176583,11,ENG3U1,HSP3U1,MCF3M1,PAF3O1,PPL3O1,SES4U1,SPH3U1,TWJ3E1,ZLUN31,ZLUN32,10
"Fuhrer, Chrissie",F,269938425,9,ADA1O1,AVI1O1,CGC1D1,ENG1D1,FSF1D1,MFM1P1,PPL1O8,SNC1P1,ZLUN11,ZLUN12,10
"Drabble, Wanda",M,746017638,9,ADA1O1,CGC1P1,ENG1P1,FSF1D1,MPM1D1,SNC1D1,TGJ1O1,TIJ1O1,ZLUN11,ZLUN12,10
"Fowler, Bettie",F,596577844,10,BBI2O1,CHC2PV,CIVCAR,ENG2PV,MFM2PV,PPL2O9,SNC2PV,TCJ2O2,ZLUN21,ZLUN22,10
"Levett, Odetta",M,386625490,12,BTA3O1,ENG3C1,ENG4C1,ICS3C1,PAF4O1,SHAL.1,SNC2PT,ZLUN41,ZLUN42,,9
"Mccallum, Kathy",F,885482805,9,ADA1O1,BTT1O1,CGC1PV,ENG1PV,HFN1O1,MFM1PV,PPL1O9,SNC1PV,ZLUN11,ZLUN12,10
"Larson, Stacey",F,558788522,12,AWM4M1,HHS4U1,MAP4C1,TGJ4M1,YYY4X1,ZLUN41,,,,,6
"Harper, Ken",M,284125668,10,ASM2O1,CHC2D1,CIVCAR,ENG2D1,FSF2D1,MFM2P1,SNC2P1,TFJ2O1,ZLUN21,ZLUN22,10
"Berry, Allannah",F,432715267,11,CLU3M1,ENG3C1,GLE3O1,HSP3C1,MBF3C1,PAF3O1,PPL3O1,SBI3C1,ZLUN31,ZLUN32,10
"Akers, Bess",F,450877387,9,AMV1O1,CGC1D1,ENG1D1,FSF1D1,HFN1O1,MPM1D1,PPL1O8,SNC1D1,ZLUN11,ZLUN12,10
"Veith, Marquis",M,422453453,9,CGC1D1,ENG1D1,FSF1D1,GLE1O1,MPM1D1,PPL1O8,SNC1P1,TGJ1O1,ZLUN11,ZLUN12,10
"Mcdonald, Theo",M,905007570,11,BMI3C1,BTA3O1,CLU3M1,ENG3U1,MCR3U1,PPL3O1,SCH3U1,SPH3U1,ZLUN31,ZLUN32,10
"Basmanoff, Merton",M,162460787,10,AMV2O1,CHC2D1,CIVCAR,ENG2D1,FSF2D1,MPM2D1,PPL2O8,SNC2D1,ZLUN21,ZLUN22,10
"Camp, Zachery",M,992729834,11,AWQ3O1,CLU3M1,ENG3U1,FSF3U1,HSP3U1,MCF3M1,PAF3O1,PPL3O1,ZLUN31,ZLUN32,10
"Weidemann, Ann",M,665262411,10,CHC2D1,CIVCAR,ENG2D1,FSF2D1,ICS2O1,MPM2D1,PPL2O9,SNC2D1,ZLUN21,ZLUN22,10
"Prevatt, Melva",F,287376352,11,AMR3M1,AWT3O1,ENG3U1,HSP3U1,ICS3U1,MCR3U1,SBI3U1,SCH3U1,SPH3U1,ZLUN31,11
"Raybould, Tonya",F,506504437,9,AVI1O1,BTT1O1,CGC1D1,ENG1D1,FSF1D1,MPM1D1,PPL1O8,SNC1D1,ZLUN11,ZLUN12,10
"Losey, Tamra",M,798288891,11,AVI2O1,AVI3M1,BTA3O1,ESLAO1,MCF3M1,PPL3O1,SNC2D1,TGJ2O1,ZLUN31,ZLUN32,10
"Meyers, Ron",F,645989217,11,AMR3M1,CLU3M1,ENG3U1,FSF3U1,HSP3U1,MCR3U1,SBI3U1,SCH3U1,SPH3U1,ZLUN31,11
"Moon, Rhianna",F,751631355,10,ASM2O1,CHC2D1,CIVCAR,ENG2D1,FSF2D1,MFM2P1,SNC2P1,TFJ2O1,ZLUN21,ZLUN22,10
"Moulton, Columban",M,763378368,12,ENG4U1,MCV4U1,MHF4U1,PSE4U1,SBI4U1,SCH4U1,ZLUN41,ZLUN42,,,8
"Arthur, Merilyn",M,343510169,11,AVI3M1,CHC2D1,CIVCAR,ESLCO1,ESLDO1,MFM2P1,SNC2P1,TGJ2O1,ZLUN31,ZLUN32,10
"Bagley, Channing",M,573950985,12,CGR4M=,SHAL.1,,,,,,,,,2
"Sadley, Jinny",F,911781422,11,COP3X6,ENG2DB,ENG3CK,ENG3U2,GPP3O2,PAD3O2,PPL3O2,YYY4X1,,,8
"Pratt, Allan",F,728381979,10,ASM2O1,BBI2O1,CHC2D1,CIVCAR,ENG2D1,FSF2D1,MPM2D1,SNC2D1,ZLUN21,ZLUN22,10
"Rega, Lisa",M,293223563,11,AWT3O1,BAF3M1,BTA3O1,COP3X0,FSF3U1,MCR3U1,NBE3U1,ZLUN31,ZLUN32,,9
"Agnes, Gertrude",M,199624999,11,AMR3M1,ENG3U1,FSF3U1,ICS3U1,MCR3U1,PAF3O1,SBI3U1,SCH3U1,SPH3U1,ZLUN31,11
"Tavoularis, Harmonie",F,629141475,9,AMI1O2,AMR1O1,CGC1D1,ENG1D1,FSF1D1,MPM1D1,PPL1O9,SNC1D1,TIJ1O1,ZLUN11,11
"Waldron, Della",F,974597324,11,CHW3M1,ENG3U1,HRT3M1,MCR3U1,PPL3O1,SBI3U1,SPH3U1,SVN3M1,ZLUN31,ZLUN32,10
"Blair, Poldie",F,591616940,12,AVI4M1,BOH4M1,ENG4U1,MCV4U1,MHF4U1,SPH4U1,TCJ4C1,ZLUN41,ZLUN42,,9
"Millard, Fenton",F,627082868,9,AVI1O1,CGC1P1,ENG1P1,GLE1O1,HFN1O1,MFM1P1,PPL1O8,SNC1P1,ZLUN11,ZLUN12,10
"Gardner, Rita",M,460866983,10,CHC2P1,CIVCAR,ENG2P1,GLE2O1,MFM2P1,SNC2P1,TCJ2O1,TCJ2O2,ZLUN21,ZLUN22,10
"Parkinson, Xavier",M,909612198,11,BMI3C1,ENG3C1,HSP3C1,MBF3C1,PPL3O1,SBI3C1,SVN3M1,TFJ3C1,ZLUN31,ZLUN32,10
"Agg, Prosper",F,244142332,11,CLU3M1,ENG3U1,HSP3U1,MCR3U1,PAF3O1,PPL3O1,SBI3U1,SPH3U1,ZLUN31,ZLUN32,10
"Rumbaugh, Keisha",M,706345137,9,CGC1P1,ELS2ON,ENG1P1,GLE1ON,HFN1O1,KCWANN,KCWBNN,SNC1P1,ZLUN11,ZLUN12,10
"Blyant, Devon",F,603591068,12,AWQ3O1,ENG4C1,HSB4U1,MAP4C1,SBI3C1,SCH4C1,SHAL.1,SVN3M1,ZLUN41,ZLUN42,10
"Watson, Summer",M,277107770,12,CHY4U1,ENG4U1,FSF4U1,HFA4U1,HHG4M1,HHS4U1,MBF3C1,NBE3U1,ZLUN41,ZLUN42,10
"Little, Aubrey",F,881220863,11,ADA3M1,CGF3M1,ENG3U1,HSP3U1,MCF3M1,PAF3O1,SES4U1,SVN3M1,ZLUN31,ZLUN32,10
"Philbrick, Imogen",M,872689291,9,AVI1O1,BTT1O1,CGC1D1,ENG1D1,FSF1D1,MFM1P1,PPL1O8,SNC1P1,ZLUN11,ZLUN12,10
"Greenwood, Jewel",F,688090104,12,CLN4U1,ENG4U1,ETS4U1,HIP4O1,HZT4U1,MAP4C1,ZLUN41,ZLUN42,,,8
"Sandblom, Lewella",F,205036086,12,CHY4U1,ENG4U1,ETS4U1,EWC4U1,HSB4U1,HZT4U1,ZLUN41,ZLUN42,,,8
"Cowart, Bryanna",M,789204100,11,BAF3M1,CLU3M1,ENG3U1,ICS3U1,MCR3U1,SCH3U1,SPH3U1,TEJ3M1,ZLUN31,ZLUN32,10
"Dickinson, Gordon",M,546426945,11,AMG2O1,ENG3C1,HRT3M1,MBF3C1,SVN3M1,ZLUN31,ZLUN32,,,,7
"Cribbs, Katrina",F,106736891,10,BBI2O1,CHC2D1,CIVCAR,ENG2D1,ICS2O1,MPM2D1,PPL2O9,SNC2D1,ZLUN21,ZLUN22,10
"Jyllian, Norbert",F,942225581,11,AVI3M1,CLU3M1,ENG3U1,HSP3U1,MCR3U1,SBI3U1,SCH3U1,SPH3U1,ZLUN31,ZLUN32,10
"Pfeifer, Tara",M,237984090,10,ASM2O1,AVI2O1,CHC2D1,CIVCAR,ENG2D1,MFM2P1,PPL2O8,SNC2D1,ZLUN21,ZLUN22,10
"Boyer, Ryley",M,341404566,9,AVI1O1,CGC1D1,ENG1D1,FSF1D1,MFM1P1,PPL1O8,SNC1D1,TIJ1O1,ZLUN11,ZLUN12,10
"Thigpen, Claudius",M,772729025,10,ASM2O1,AVI2O1,CHC2P1,CIVCAR,ENG2D1,MFM2P1,PPL2O8,SNC2P1,ZLUN21,ZLUN22,10
"Sanforth, Jenessa",F,837226742,11,BAF3M1,CLU3M1,COP3X6,ENG3U2,GPP3O2,HSP3U1,MCR3U1,PAD3O2,PPL3O2,YYY4X1,11
"Johns, Nettie",M,277124128,11,CGD3M1,HSP3U1,MCR3U1,NBE3U1,PAF3O1,PPL3O1,SCH3U1,SPH3U1,ZLUN31,ZLUN32,10
"Law, Clayton",F,221770128,9,ADA1O1,CGC1D1,ENG1D1,FSF1D1,MPM1D1,PPL1O9,SNC1D1,TGJ1O1,ZLUN11,ZLUN12,10
"Rahl, Euphemia",F,622303962,12,ADA4M1,ENG4U1,FSF4U1,HHS4U1,HSB4U1,HZT4U1,SBI4U1,ZLUN41,ZLUN42,,9
"Fye, Belinda",F,521631298,11,ENG2D1,ENG3U1,HSP3U1,MCF3M1,PAF3O1,SBI3C1,SVN3M1,TWJ3E1,ZLUN31,ZLUN32,10
"Butler, Diane",F,768933906,10,AMI2O1,CHC2D1,CIVCAR,ENG2D1,MFM2P1,PPL2O9,SNC2D1,TCJ2O2,ZLUN21,ZLUN22,10
"Shallenberger, Silvia",M,479829627,11,ADA3M1,ENG2DC,ENG3U1,HPC3O1,HRT3M1,MBF3C1,SBI3U1,ZLUN31,ZLUN32,,9
"Widaman, Emmy",M,519440915,12,AMR4M1,ENG4U1,ICS4U1,MCV4U1,MHF4U1,PSE4U1,SBI4U1,SCH4U1,SPH4U1,ZLUN41,11
"Coughenour, Eden",M,430820059,9,AMV1O1,AVI1O1,CGC1D1,ENG1D1,FSF1D1,MPM1D1,PPL1O8,SNC1D1,ZLUN11,ZLUN12,10
"Tireman, Dianna",F,139838293,9,AVI1O1,CGC1D1,ENG1D1,FSF1D1,HFN1O1,MPM1D1,PPL1O8,SNC1D1,ZLUN11,ZLUN12,10
"Tedrow, Jackson",F,623382128,9,AMI1O1,AVI1O1,CGC1D1,ENG1D1,FSF1D1,MPM1D1,PPL1O8,SNC1D1,ZLUN11,ZLUN12,10
"Adams, Jamison",F,201224696,10,ADA2O1,CHC2D1,CIVCAR,ENG2D1,MPM2D1,PPL2O9,SNC2D1,TCJ2O2,ZLUN21,ZLUN22,10
"Eisenman, Rhett",F,294655325,12,HIP4O1,TGJ4M1,ZLUN41,,,,,,,,3
"Davis, Rian",M,183379288,10,CHC2D1,CIVCAR,ENG2D1,FSF3U1,MPM2D1,PPL2O9,SNC1D1,SNC2D1,ZLUN21,ZLUN22,10
"Osterwise, Jena",M,673540667,11,ENG3C1,HSP3C1,MCF3M1,NBV3C1,PPL3O1,TCJ3C1,ZLUN31,ZLUN32,,,8
"Moore, Alf",F,564002034,11,ENG3U1,HSP3U1,MCF3M1,NBV3C1,PPL3O1,SPH3U1,TCJ3C1,TWJ3E1,ZLUN31,ZLUN32,10
"Roose, Raelene",F,890975628,11,ENG3C1,GLE3O1,ICS3U1,MBF3C1,NBV3C1,PAF3O1,SBI3C1,TDJ3M1,ZLUN31,ZLUN32,10
"Echard, Wardell",M,356240713,10,ADA2O1,CHC2D1,CHV2O1,ENG2D1,GLC2O1,MPM2D1,PPL2O8,SNC2D1,TFJ2O1,ZLUN21,11
"Endsley, Huffie",M,519050387,12,BOH4M1,CLN4U1,ENG4U1,EWC4U1,HSB4U1,HZT4U1,PPL4O1,ZLUN41,ZLUN42,,9
"Wylie, Tobin",F,683759363,12,ENG4CK,HPC3O1,HRT3M1,MEL4E1,ZLUN32,,,,,,5
"Neely, Raeburn",M,898795813,12,ENG4UE,HSB4U1,MDM4U1,PSE4U1,SBI4U1,SCH4U1,ZLUN41,ZLUN42,,,8
"Lalty, Becca",F,320427003,10,AVI2O1,CHC2P1,CHV2O1,ENG2P1,FSF1P1,GLC2O1,MFM2P1,PPL2O9,SNC2P1,ZLUN21,11
"Hay, John",M,319885229,12,ENG4C1,MAP4C1,PAF4O1,PPL4O1,SCH4C1,TCJ4C1,ZLUN41,ZLUN42,,,8
"Mitchell, Sandy",M,977609695,9,CGC1D1,ENG1D1,FSF1D1,HFN1O1,MPM1D1,PPL1O9,SNC1D1,TGJ1O1,ZLUN11,ZLUN12,10
"Mcclymonds, Amos",M,671876031,12,CGW4U1,ENG4U1,EWC4U1,HHG4M1,ICS4U1,MCR3U1,TEJ4M1,ZLUN41,ZLUN42,,9
"Zimmer, Cal",M,769180062,12,ENG4U1,ETS4U1,ICS3U1,MCV4U1,MDM4U1,MHF4U1,SPH3U1,ZLUN11,ZLUN42,,9
"Boyd, Calvin",M,745643278,12,CGW4U1,CHY4U1,ENG4U1,EWC4U1,FSF4U1,HSB4U1,HZT4U1,ZLUN41,ZLUN42,,9
"Murray, Dina",F,843961230,12,ENG4C1,GLE4O1,MEL4E1,OLC4O1,PAF4O1,PPL4O1,TCJ4C1,ZLUN41,ZLUN42,,9
"Schneider, June",F,555522153,11,AWQ3O1,ENG3C1,MCF3M1,PAF3O1,PPL3O1,TCJ3C1,TFJ3C1,TWJ3E1,ZLUN31,ZLUN32,10
"Lauffer, Xerxes",M,576485354,12,AWM4M1,CHY4U1,ENG4U1,MDM4U1,SCH4U1,SPH4U1,TDJ4M1,ZLUN41,ZLUN42,,9
"Agg, Kathleen",F,847934323,10,CGC1P1,CHC2P1,CIVCAR,ENG1L1,GLE2O1,MAT2L1,SNC2L1,TIJ1O1,ZLUN12,ZLUN21,10
"Armstrong, Justyn",M,968753247,9,CGC1D1,ENG1D1,FSF1D1,MPM1D1,PPL1O9,SNC1D1,TGJ1O1,TIJ1O1,ZLUN11,ZLUN12,10
"Casteel, Conor",F,882288487,11,AMR3M1,ENG3U1,HSP3U1,ICS3U1,MCR3U1,PPL3O1,SBI3U1,SCH3U1,SPH3U1,ZLUN31,11
"Knisely, Elspet",M,481704442,10,AMG2O1,CGD3M1,CHC2D1,CIVCAR,ENG2D1,MPM2D1,SNC2D1,TGJ2O1,ZLUN21,ZLUN22,10
"Sell, Harold",M,985917347,11,ADA3M1,ENG3U1,ICS2O1,MCF3M1,NBV3C1,SCH3U1,TFJ2O1,TFJ3C1,ZLUN31,ZLUN32,10
"Rosensteel, Wisdom",M,457221064,12,ENG4C1,HSP3C1,MAP4C1,PPL4O1,SBI3C1,TFJ4CT,ZLUN41,ZLUN42,,,8
"Yeskey, Korrine",M,890103506,12,ENG4CT,GLC2OT,MAP4C1,SPH3U1,,,,,,,4
"Aultman, Darlene",M,392632063,10,ASM2O1,CHC2D1,CIVCAR,ENG2D1,MPM2D1,PPL2O8,SNC2D1,TFJ2O1,ZLUN21,ZLUN22,10
"Stahl, Carlyle",M,512760068,12,ENG4C1,ICS3C1,MCT4C1,NBV3C1,TCJ3C1,TCJ4C1,TFJ4C1,ZLUN41,,,8
"Cressman, Lizbeth",M,775912997,9,AVI1O1,BTT1O1,CGC1PV,ENG1PV,MFM1PV,PPL1O9,SNC1PV,TIJ1O1,ZLUN11,ZLUN12,10
"Mackendoerfer, Tess",F,178548525,12,ADA3M1,ENG4C1,FSF4U1,HHS4U1,HSB4U1,HZT4U1,PAF4O1,PPL4O1,ZLUN41,ZLUN42,10
"Wolff, Henrietta",F,343486086,12,CLN4U1,ENG4U1,MCV4U1,MHF4U1,SBI4U1,SCH4U1,SPH3U1,SPH4U1,ZLUN41,ZLUN42,10
"Willcox, Kimberlee",M,451052176,11,ENG3C1,HSP3C1,MBF3C1,PAF3O1,TCJ3C1,TFJ2O1,TIJ1O1,ZLUN31,ZLUN32,,9
"Leichter, Justina",M,764637973,12,AMI4M1,AMR4M1,CGW4U1,ENG4U1,EWC4U1,FSF4U1,HZT4U1,ZLUN41,ZLUN42,,9
"Graham, Garfield",F,171630282,12,ENG3EX,GLE3OX,SHAL.1,,,,,,,,3
"Hurst, Sly",F,912491440,10,ADA2O1,CHC2D1,CIVCAR,ENG2P1,GLE2O1,MFM2P1,PPL2O9,SNC2P1,ZLUN21,ZLUN22,10
"Blunt, Cassarah",M,303207600,10,ADA2O1,CHC2P1,CIVCAR,ENG2P1,GLE2O1,MFM2P1,PPL2O9,SNC2P1,ZLUN21,ZLUN22,10
"Ludwig, Pat",M,976567549,10,CHC2P1,CIVCAR,ENG2P1,MFM2P1,PPL2O9,SNC2P1,TCJ2O1,TEJ2O1,ZLUN21,ZLUN22,10
"Kunkle, Raymond",M,336144099,10,CHC2D1,CHV2O1,ENG2D1,FSF1P1,GLC2O1,MPM2D1,PPL2O9,SNC2D1,TIJ1O1,ZLUN21,11
"Whitling, Elfrida",M,890614650,12,ENG4U1,ETS4U1,FSF4U1,HSB4U1,HZT4U1,MDM4U1,PPL4O1,ZLUN41,ZLUN42,,9
"Bullard, Gia",M,392253080,9,AVI1O1,BTT1O1,CGC1D1,ENG1D1,FSF1D1,MPM1D1,PPL1O8,SNC1D1,ZLUN11,ZLUN12,10
"Auman, Geoffrey",M,803540047,11,ENG3C1,GLE3O1,MEL3E1,NBV3C1,SBI3C1,SVN3M1,TCJ3C1,TDJ3M1,ZLUN31,ZLUN32,10
"Steiner, Melanie",M,747221425,9,AVI1O1,CGC1D1,ENG1D1,FSF1D1,MPM1D1,PPL1O8,SNC1D1,TGJ1O1,ZLUN11,ZLUN12,10
"Moonshower, Philomena",F,867133247,12,BAT4M1,BOH4M1,CIA4U1,ENG4U1,MCV4U1,MHF4U1,PAF4O1,PPL4O1,ZLUN41,ZLUN42,10
"Werner, Leanne",F,766302770,9,AVI1O1,CGC1D1,ENG1D1,FSF1D1,MFM1P1,PPL1O9,SNC1D1,TGJ1O1,ZLUN11,ZLUN12,10
"Dugger, Cecil",M,213834983,10,CHC2D1,CIVCAR,ENG2D1,FSF2D1,MFM2P1,PPL2O8,SNC2D1,TGJ2O1,ZLUN21,ZLUN22,10
"Richards, Madelaine",F,475580891,12,ENG3EX,GLE3OX,SHAL.1,,,,,,,,3
"Kimple, Cadence",M,371205454,11,CGF3M1,ENG3U1,HSP3U1,MCR3U1,PPL3O1,SPH3U1,TDJ3M1,TEJ3M1,ZLUN31,ZLUN32,10
"Alliman, Terra",M,930503204,11,AVI3M1,BAF3M1,ENG3C1,HRT3M1,HSP3C1,MBF3C1,NBV3C1,PPL3O1,ZLUN31,ZLUN32,10
"Robertson, Nelly",F,643831530,12,ENG4U1,ICS4U1,MCV4U1,MHF4U1,SBI4U1,SCH4U1,SPH4U1,TEJ4M1,ZLUN41,ZLUN42,10
"Wyatt, Gwendolyn",M,520221296,12,ENG4U1,FSF4U1,HFA4U1,HHS4U1,HSB4U1,HZT4U1,MDM4U1,PSE4U1,ZLUN41,ZLUN42,10
"Seelig, Clemency",F,775093697,9,ADA1O1,CGC1P1,ENG1P1,GLE1O1,HFN1O1,MFM1P1,PPL1O8,SNC1P1,ZLUN11,ZLUN12,10
"Cook, Lewin",F,492472487,11,BAF3M1,CGD3M1,ENG3C1,GLE3O1,MCF3M1,MDM4U1,OLC4O1,PPL3O1,ZLUN31,ZLUN32,10
"Garneis, Fay",M,580833776,9,AMI1O2,AMR1O1,AVI1O1,CGC1D1,ENG1D1,FSF1D1,MPM1D1,PPL1O8,SNC1D1,ZLUN11,11
"Mcelroy, Kassy",M,480796515,11,AMR3M1,ENG3U1,HSP3U1,ICS3U1,MCR3U1,PAF3O1,SCH3U1,SPH3U1,TEJ3M1,ZLUN31,11
"Shea, Esther",F,626435813,12,ENG4U1,MCV4U1,MHF4U1,PPL4O1,PSE4U1,SBI4U1,SPH3U1,SPH4U1,ZLUN41,ZLUN42,10
"Summy, Tresha",F,589985770,10,CHC2D1,ENG2D1,FSF2D1,MPM2D1,SNC2D1,TCJ2O1,TCJ2O2,ZLUN21,ZLUN22,,9
"Carr, Cordelia",F,822387524,9,ADA1O1,CGC1D1,ENG1P1,GLE1O1,MFM1P1,PPL1O9,SNC1P1,TIJ1O1,ZLUN11,ZLUN12,10
"Henderson, Geena",M,652603931,9,AVI1O1,CGC1D1,ENG1D1,FSF1D1,MPM1D1,PPL1O9,SNC1D1,TIJ1O1,ZLUN11,ZLUN12,10
"Lineman, Moreen",F,884666697,12,ENG4U1,HSB4U1,MCV4U1,MHF4U1,PAF4O1,SCH4U1,SPH4U1,ZLUN41,ZLUN42,,9
"Wade, Tiana",F,320854701,11,ADA2O1,AVI2O1,ENG2P1,GLE4O1,PAF3O1,PAF4O1,SNC2P1,TWJ3E1,ZLUN31,ZLUN32,10
"Baer, Logan",M,543769674,11,BAF3M1,BTA3O1,CLU3M1,COP3X0,ENG3U1,FSF3U1,MCR3U1,ZLUN31,ZLUN32,,9
"Weisgarber, Rolf",F,585130975,12,CLN4U1,ENG4U1,EWC4U1,FSF4U1,HSB4U1,HZT4U1,PPL4O1,ZLUN41,ZLUN42,,9
"Whitehead, Raine",M,417761069,11,ENG3U1,FSF3U1,HRT3M1,HSP3U1,MCR3U1,SBI3U1,SCH3U1,ZLUN31,ZLUN32,,9
"Christman, Jaiden",F,678388600,10,AVI2O1,CHC2P1,CIVCAR,ENG2P1,GLE2O1,MFM2P1,PPL2O9,SNC2D1,ZLUN21,ZLUN22,10
"Hill, Nicky",F,810400379,12,ADA4M1,AVI4M1,ENG4C1,HHG4M1,HIP4O1,MBF3C1,SCH4C1,TFJ4C1,ZLUN41,ZLUN42,10
"Craig, Susanna",F,265988469,9,AVI1O1,CGC1D1,ENG1D1,FSF1D1,MPM1D1,PPL1O9,SNC1D1,TGJ1O1,ZLUN11,ZLUN12,10
"Otis, Deb",M,563230887,11,AVI3M1,ENG3U1,HSP3U1,MCF3M1,PAF3O1,SBI3U1,SCH3U1,SPH3U1,ZLUN31,ZLUN32,10
"Jelliman, Alec",F,218274647,10,ADA1O1,CGD3M1,CHC2D1,CIVCAR,ENG2P1,MFM2P1,SNC2P1,TFJ2O1,ZLUN21,ZLUN22,10
"Knapp, Giles",F,985966366,10,ASM2O1,CHC2D1,CIVCAR,ENG2D1,FSF2D1,MFM2P1,PPL2O8,SNC2D1,ZLUN21,ZLUN22,10
"Sachse, Garey",M,343710418,9,BTT1O1,CGC1D1,ENG1D1,FSF1D1,MPM1D1,PPL1O9,SNC1D1,TIJ1O1,ZLUN11,ZLUN12,10
"Mitchell, Daniella",F,217819958,10,AMI2O1,AMR2O1,CHC2D1,CIVCAR,ENG2D1,FSF2D1,MPM2D1,PPL2O8,SNC2D1,ZLUN21,11
"Huston, Brigit",M,253610902,10,ASM2O1,CHC2P1,CIVCAR,ENG2D1,MFM2P1,PPL2O8,SNC2P1,TFJ2O1,ZLUN21,ZLUN22,10
"Oneal, Davina",F,765740078,10,CHC2D1,CIVCAR,ENG2D1,FSF2D1,MFM2P1,PPL2O8,SNC2P1,TFJ2O1,ZLUN21,ZLUN22,10
"Bousum, Deitra",M,107619911,9,ADA1O1,CGC1D1,ENG1P1,FSF1P1,MPM1D1,PPL2O9,SNC1D1,TIJ1O1,ZLUN11,ZLUN22,10
"Bash, Elnora",F,704421143,9,AVI1O1,CGC1D1,ENG1D1,FSF1P1,MPM1D1,PPL1O9,SNC1D1,TGJ1O1,ZLUN11,ZLUN12,10
"Dryfus, Dolly",M,842304231,12,CLN4U1,ENG4U1,EWC4U1,HSB4U1,HZT4U1,MDM4U1,SHAL.1,ZLUN41,ZLUN42,,9
"Roberts, Briana",M,988418526,12,CHY4U1,ENG4U1,HSB4U1,HZT4U1,MDM4U1,PAF4O1,ZLUN41,ZLUN42,,,8
"Buck, Bridie",F,207929852,10,CHC2P1,CIVCAR,ENG2D1,MFM2P1,PPL2O9,SNC2D1,TEJ2O1,TFJ2O1,ZLUN21,ZLUN22,10
"Carpenter, Ivor",M,394247684,11,ENG2DC,ENG3U1,MCR3U1,PAF3O1,PPL3O1,SBI3U1,SCH3U1,ZLUN31,ZLUN32,,9
"Mcmichaels, Githa",M,299237953,12,AVI2O1,BMI3C1,ENG4C1,HRT3M1,PPL4O1,TFJ3C1,TFJ4C1,ZLUN41,ZLUN42,,9
"Fisher, Harriett",M,213546202,11,CLU3M1,COP3X4,COP3X5,ENG3C1,MBF3C1,TDJ3M1,ZLUN31,ZLUN32,,,8
"Duncan, Colby",F,580378652,11,ASM2O1,ENG3C1,ENG4C1,GLE3O1,ICS3C1,MBF3C1,TDJ3M1,TEJ3M1,ZLUN31,ZLUN32,10
"Giesler, Maureen",M,993730255,11,AMI3M1,AMR3M1,ENG3U1,ICS3U1,MCR3U1,NBE3U1,SBI3U1,SCH3U1,SPH3U1,ZLUN31,11
"Hobbs, Tawny",F,527884927,12,ENG4C1,MAP4C1,PAF4O1,TCJ3C1,TGJ4M1,TWJ3E1,TWJ4E1,ZLUN41,ZLUN42,,9
"Holdsworth, Hale",F,237591476,9,AVI1O1,BTT1O1,CGC1D1,ENG1D1,FSF1D1,MPM1D1,PPL1O8,SNC1D1,ZLUN11,ZLUN12,10
"Hunt, Philipa",F,532556428,11,COP3X0,ENG3U1,HPC3O1,HSP3U1,MCR3U1,PPL3O1,SCH3U1,ZLUN31,ZLUN32,,9
"Wire, Caris",M,382970016,9,AMV1O1,AVI1O1,CGC1D1,ENG1D1,FSF1P1,MFM1P1,PPL1O8,SNC1D1,ZLUN11,ZLUN12,10
"Rockwell, Barney",F,344236763,11,ENG1PB,MAT1LB,SHAL.1,,,,,,,,3
"Hasely, Hailey",M,977047733,12,CGD3M1,COP4X5,ENG4U1,HFA4U1,HIP4O1,NBE3U1,SBI3U1,ZLUN41,ZLUN42,,9
"Mens, Julyan",F,262013282,9,AVI1O1,BTT1O1,CGC1D1,ENG1D1,FSF1D1,MPM1D1,PPL1O8,SNC1D1,ZLUN11,ZLUN12,10
"Crawford, Chantelle",F,175727524,12,CLN4U1,ENG4U1,HFA4U1,HHS4U1,HSB4U1,HZT4U1,PAF4O1,ZLUN41,ZLUN42,,9
"Stiffey, Pamella",M,630367654,9,AMI1O2,AMR1O1,BTT1O1,CGC1D1,ENG1D1,FSF1D1,MPM1D1,PPL1O8,SNC1D1,ZLUN11,11
"Diller, Zane",F,436541830,12,AVI3M1,AWQ3O1,ENG4C1,HIP4O1,MAP4C1,TFJ4C1,YYY4X1,ZLUN41,,,8
"Stall, Isolda",F,513360924,10,AVI2O1,BBI2O1,CHC2P1,CIVCAR,ENG2P1,MFM2P1,SNC2P1,TCJ2O1,ZLUN21,ZLUN22,10
"Kepple, Marilyn",M,531182072,12,HFA4U1,HHG4M1,ZLUN41,ZSM1..,,,,,,,4
"Flickinger, Cindy",F,465780490,12,AMR4M1,ENG4U1,HSB4U1,HZT4U1,ICS4U1,MCV4U1,MHF4U1,SES4U1,SPH4U1,ZLUN41,11
"Roche, Derren",F,540020761,12,CHY4C1,COP4X4,COP4X5,ENG4U1,HFA4U1,ZLUN41,ZLUN42,,,,7
"Thompson, Lillian",F,633272550,9,AVI1O1,CGC1D1,ENG1D1,FSF1D1,MPM1D1,PPL1O9,SNC1D1,TIJ1O1,ZLUN11,ZLUN12,10
"Aft, Fletcher",F,460674944,9,AMI1O2,AVI1O1,CGC1D1,ENG1D1,FSF1D1,MPM1D1,PPL1O9,SNC1D1,ZLUN11,ZLUN12,10
"Bellinger, Ethalyn",F,871211435,10,AVI1O1,CHC2D1,CIVCAR,ENG2D1,MFM2P1,PPL2O8,SNC2P1,TFJ2O1,ZLUN21,ZLUN22,10
"Burns, Titty",F,167952520,10,ADA2O1,BTA3O1,CHC2P1,CIVCAR,ENG2P1,MAT2L1,SNC2P1,TFJ2O1,ZLUN21,ZLUN22,10
"Potter, Lally",F,249347315,10,AVI2O1,CHC2D1,CIVCAR,ENG2D1,MPM2D1,SNC2D1,TEJ2O1,TGJ2O1,ZLUN21,ZLUN22,10
"Zula, Hindman",F,858174412,9,CGC1P1,ENG1L1,GLE1O1,HFN1O1,MAT1L1,PPL1O9,SNC1L1,TIJ1O1,ZLUN11,ZLUN12,10
"Dimsdale, Angela",F,965543138,10,CGD3M1,CHC2P1,CIVCAR,ENG2D1,FSF2D1,MPM2D1,PPL2O8,SNC2D1,ZLUN21,ZLUN22,10
"Glover, Luanna",M,365140948,9,ADA1O1,CGC1D1,CHC2D1,ENG1D1,MPM1D1,SNC1D1,TEJ2O1,TIJ1O1,ZLUN11,ZLUN12,10
"Weeter, Lyndsey",F,173727051,11,AWQ3O1,ENG3U1,HSP3U1,MCR3U1,PAF3O1,SBI3U1,SCH3U1,SPH3U1,ZLUN31,ZLUN32,10
"Bickerson, Joshawa",F,950955095,12,ENG4U1,ETS4U1,EWC4U1,FSF4U1,HHG4M1,HSB4U1,MDM4U1,ZLUN41,ZLUN42,,9
"Chase, Bailey",F,549401293,12,CGW4U1,ENG4U1,HHG4M1,HHS4U1,HSB4U1,HZT4U1,MAP4C1,ZLUN41,ZLUN42,,9
"Morland, Ally",F,788918355,10,ADA2O1,CHC2D1,CIVCAR,ENG2D1,MFM1P1,MFM2P1,SNC2P1,TFJ2O1,ZLUN21,ZLUN22,10
"Clewett, Charmaine",M,937574158,11,AVI3M1,AWQ3O1,ENG3U1,HRT3M1,LWSBD1,MBF3C1,SNC2D1,TGJ3M1,ZLUN31,ZLUN32,10
"Thorley, Camron",F,875124969,10,AMG2O1,CHC2P1,CIVCAR,ENG2P1,MAT2L1,PPL2O9,SNC2P1,ZLUN21,ZLUN22,,9
"Jube, Walker",F,861377883,9,AVI1O1,CGC1P1,ENG1P1,FSF1P1,MFM1P1,PPL1O9,SNC1P1,TIJ1O1,ZLUN11,ZLUN12,10
"Gronko, Lela",F,551843491,11,BMI3C1,CGF3M1,CHW3M1,ENG3U1,ICS3U1,MBF3C1,SVN3M1,TEJ3M1,ZLUN31,ZLUN32,10
"Vanleer, Sylvana",M,725043313,10,CHC2P1,CIVCAR,ENG2P1,FSF2D1,GLE2O1,MAT2L1,SNC2P1,TFJ2O1,ZLUN21,ZLUN22,10
"Bennett, Blythe",F,538252490,11,BMI3C1,ENG3U1,MCF3M1,NBV3C1,PAF3O1,PPL3O1,SBI3C1,TWJ3E1,ZLUN31,ZLUN32,10
"Burney, Chelle",F,183428782,12,ADA4M1,BOH4M1,CHY4C1,CLN4U1,ENG4U1,MAP4C1,MBF3C1,ZLUN42,,,8
"Beals, Gaynor",M,407878669,12,BAT4M1,CIA4U1,CLN4U1,ENG4U1,MDM4U1,MHF4U1,PPL4O1,SES4U1,ZLUN41,ZLUN42,10
"Schreckengost, Moss",F,716659954,12,CHY4U1,CLN4U1,ENG4U1,HHG4M1,HSB4U1,HZT4U1,MDM4U1,SCH4U1,ZLUN41,ZLUN42,10
"Mcindoe, Ryana",M,147243748,11,CLN4U1,ENG3U1,MBF3C1,MCF3M1,PAF4O1,PPL3O1,SBI3U1,SVN3M1,ZLUN31,ZLUN32,10
"Llora, Roosevelt",M,272686435,9,CGC1D1,ENG1P1,FSF1P1,HFN1O1,MFM1P1,PPL1O9,SNC1P1,TIJ1O1,ZLUN11,ZLUN12,10
"Hardy, Trent",M,263022301,11,BMI3C1,BTA3O1,CLU3M1,ENG3U1,ICS3U1,MCF3M1,SVN3M1,TEJ3M1,ZLUN31,ZLUN32,10
"Hair, Cecelia",F,257549785,9,BTT1O1,CGC1P1,ENG1P1,GLE1O1,MFM1P1,PPL1O9,SNC1P1,TGJ1O1,ZLUN11,ZLUN12,10
"Wise, Harrison",M,263346248,12,ENG2PV,ENG3EB,ENG4E1,OLC4O1,ZLUN41,ZLUN42,,,,,6
"Wheeler, Beatrice",M,695382381,11,CGF3M1,CLU3M1,ENG3U1,MCF3M1,PPL3O1,SBI3U1,SCH3U1,SPH3U1,ZLUN31,ZLUN32,10
"Jesse, Gervaise",F,517730587,10,CHC2D1,CIVCAR,ENG2D1,MFM2P1,PPL2O8,SNC2P1,TCJ2O1,TFJ2O1,ZLUN21,ZLUN22,10
"Mortland, Amie",F,458315445,12,BAT4M1,ENG4U1,FSF4U1,HSB4U1,MCV4U1,MDM4U1,MHF4U1,ZLUN41,ZLUN42,,9
"Fry, Carlisa",M,876744553,12,CHY4U1,ENG3U1,HFA4U1,HHG4M1,HSB4U1,MBF3C1,OLC4O1,PAF4O1,ZLUN41,ZLUN42,10
"Groah, Michayla",M,145367618,12,AWT3O1,ENG4C1,SHAL.1,TCJ3C1,ZLUN41,ZSM1..,,,,,6
"Schmidt, Ebba",M,422614689,11,ADA3M1,AWQ3O1,BTA3O1,ENG3C1,MBF3C1,NBV3C1,SVN3M1,TFJ3C1,ZLUN31,ZLUN32,10
"Owens, Claribel",M,499631024,11,COP3X0,ENG3U1,FSF3U1,HSP3U1,MCF3M1,SCH3U1,SPH3U1,ZLUN31,ZLUN32,,9
"Poorbaugh, Cassidy",F,846009376,9,BTT1O1,CGC1P1,ENG1P1,GLE1O1,MFM1P1,PPL1O8,SNC1P1,TGJ1O1,ZLUN11,ZLUN12,10
"Reddish, Staci",M,900756944,11,BMI3C1,COP3X6,ENG3U2,GPP3O2,MCF3M1,PAD3O2,PPL3O2,SBI3U1,YYY4X1,ZLUN31,10
"Ballou, Myrtie",M,121676343,9,CGC1D1,ENG1D1,FSF1D1,GLE1O1,MPM1D1,PPL1O9,SNC1D1,TGJ1O1,ZLUN11,ZLUN12,10
"Langston, Joey",F,545547661,12,BAF3MC,BAT4M1,BBB4M1,CIA4U1,ENG4U1,MCV4U1,ZLUN41,ZLUN42,,,8
"Pery, Janene",F,118393975,11,ASM2O1,AWQ3O1,CHW3M1,CIVCAR,ENG2D1,ESLDO1,MCR3U1,SBI3U1,ZLUN31,,9
"Congdon, Merla",F,571213215,12,CLN4U1,ENG4UE,ETS4U1,HHG4M1,HSB4U1,HZT4U1,MDM4U1,ZLUN41,ZLUN42,,9
"Vinsant, Cooper",F,423374702,12,CHY4C1,ENG4C1,LWSBD1,MAP4C1,PAF4O1,PPL4O1,SHAL.2,TGJ4M1,ZLUN41,ZLUN42,10
"Catherina, Louisa",F,107816923,10,AMG2O1,CIVCAR,ENG2D1,LWSBD1,MPM2D1,PPL2O8,SNC2D1,TGJ2O1,ZLUN21,ZLUN22,10
"Weinstein, Piers",F,963657319,9,AVI1O1,CGC1D1,ENG1D1,FSF1D1,MPM1D1,PPL1O9,SNC1D1,TGJ1O1,ZLUN11,ZLUN12,10
"Houston, Lennie",M,666620026,11,ENG3U1,ICS3U1,MCR3U1,NBE3U1,SCH3U1,SPH3U1,SPH4U1,TEJ3M1,ZLUN31,ZLUN32,10
"Mingle, Evelyn",M,449250785,9,AVI1O1,BTT1O1,CGC1D1,ENG1D1,FSF1D1,MPM1D1,PPL1O8,SNC1D1,ZLUN11,ZLUN12,10
"Higgens, Phinehas",M,346435388,12,BBB4M1,BOH4M1,CIA4U1,ENG4U1,HFA4U1,HHS4U1,ZLUN41,ZLUN42,,,8
"Monroe, Salal",F,179442576,12,AMI4M1,AMR4M1,ENG4U1,ETS4U1,EWC4U1,MDM4U1,PAF4O1,PPL4O1,ZLUN41,ZLUN42,10
"Dunlap, Kit",F,848334026,12,ENG4U1,HFA4U1,HHS4U1,HSB4U1,HZT4U1,MCF3M1,MDM4U1,ZLUN41,ZLUN42,,9
"Thomas, Blondie",F,279283874,11,COP3X6,ENG3U2,GPP3O2,MCR3U1,PAD3O2,PPL3O2,SCH3U1,SPH3U1,YYY4X1,ZLUN31,10
"Garneys, Rachyl",M,478651936,10,ASM2O1,CHC2D1,CIVCAR,ENG2D1,MPM2D1,PPL2O9,SNC2D1,TFJ2O1,ZLUN21,ZLUN22,10
"Mench, Alexa",F,807591185,12,CHY4C1,ENG4C1,HFA4U1,HIP4O1,MBF3C1,MEL4E1,OLC4O1,PAF4O1,ZLUN41,ZLUN42,10
"Martin, Zavier",F,157856214,9,AVI1O1,CGC1D1,ENG1D1,FSF1D1,HFN1O1,MPM1D1,PPL1O8,SNC1D1,ZLUN11,ZLUN12,10
"Hynes, Nevada",F,941548659,9,BTT1O1,CGC1P1,ENG1P1,FSF1P1,MFM1P1,PPL1O9,SNC1P1,TIJ1O1,ZLUN11,ZLUN12,10
"Dunkle, Deanne",F,299576069,11,AVI4M1,AWQ3O1,AWT3O1,ENG3U1,GLE3O1,HSP3U1,MCF3M1,PAF3O1,ZLUN31,ZLUN32,10
"Children, Paise",M,679985169,12,ADA4M1,CHY4U1,CLN4U1,ENG4U1,HSB4U1,SES4U1,TFJ3C1,TFJ4C1,ZLUN41,ZLUN42,10
"Kalp, Billy",M,188501153,12,ENG4U1,HFA4U1,HSB4U1,MDM4U1,SES4U1,TFJ3CT,TFJ4C1,ZLUN41,ZLUN42,,9
"Hanseu, Nora",M,565873849,12,ENG2PB,ENG3CK,ZLUN41,,,,,,,,3
"Smail, Carlene",M,589522871,10,ADA2O1,CHC2P1,CIVCAR,ENG2P1,FSF1P1,MFM1P1,PPL2O8,SNC2P1,ZLUN21,ZLUN22,10
"Pearsall, Ty",F,583400520,12,CHY4U1,ENG4U1,HSB4U1,HZT4U1,MDM4U1,PPL4O1,ZLUN41,ZLUN42,,,8
"Breitenstein, Vinnie",F,968252392,11,BAF3M1,CGF3M1,COP3X0,ENG3U1,MCR3U1,PAF3O1,PPL3O1,ZLUN31,ZLUN32,,9
"Henley, Windsor",F,337780872,9,ADA1O1,BTT1O1,CGC1D1,ENG1D1,FSF1D1,MPM1D1,PPL1O8,SNC1D1,ZLUN11,ZLUN12,10
"Nash, Leyton",M,812434376,10,ASM2O1,CHC2D1,CIVCAR,ENG2D1,MPM2D1,PPL2O9,SNC2D1,TGJ2O1,ZLUN21,ZLUN22,10
"Rhinehart, Kole",F,696726164,9,AVI1O1,CGC1D1,ENG1D1,FSF1D1,HFN1O1,MPM1D1,PPL1O8,SNC1D1,ZLUN11,ZLUN12,10
"Benford, Lawrie",M,951551356,10,ASM2O1,CHC2D1,CIVCAR,ENG2D1,MPM2D1,PPL2O9,SNC2D1,TFJ2O1,ZLUN21,ZLUN22,10
"Oppenheimer, Michelle",F,914283531,9,CGC1P1,ENG1P1,GLE1O1,MFM1P1,PPL1O9,SNC1P1,TGJ1O1,TIJ1O1,ZLUN11,ZLUN12,10
"Cox, Milburn",M,440221485,12,BOH4M1,ENG4C1,MAP4C1,PAF4O1,PPL4O1,TGJ4M1,ZLUN41,ZLUN42,,,8
"Haines, Driskoll",F,428245062,9,BTT1O1,CGC1PV,ENG1PV,FSF1P1,MFM1PV,PPL1O9,SNC1PV,TIJ1O1,ZLUN11,ZLUN12,10
"Whishaw, Cyrus",M,139817422,12,CHY4U1,ENG4U1,HSB4U1,MCV4U1,MHF4U1,SBI4U1,SCH4U1,ZLUN41,ZLUN42,,9
"Paul, Luann",M,478058616,10,CHC2D1,CIVCAR,ENG2D1,ICS2O1,MPM2D1,SNC2D1,TEJ2O1,TGJ2O1,ZLUN21,ZLUN22,10
"Dull, Noll",M,704238359,11,ENG3C1,GLE3O1,MBF3C1,PAF3O1,PPL3O1,SBI3C1,TFJ3C1,TWJ3E1,ZLUN31,ZLUN32,10
"Fuchs, Leila",F,660156309,9,CGC1P1,ENG1P1,FSF1P1,MFM1P1,PPL1O9,SNC1P1,TGJ1O1,TIJ1O1,ZLUN11,ZLUN12,10
"Kooser, Kitty",M,149487619,10,ASM2O1,CHC2D1,CHV2O1,ENG2D1,GLC2O1,MPM2D1,PPL2O8,SNC2D1,TGJ2O1,ZLUN21,11
"Powell, Leigh",M,267958214,10,ASM2O1,CHC2D1,CIVCAR,ENG2D1,ICS2O1,MPM2D1,SNC2D1,TEJ2O1,ZLUN21,ZLUN22,10
"Mackendrick, Portia",F,621098093,11,AMG2O1,CHC2P1,CHV2O1,ENG2P1,GLC2O1,GLE2O1,MFM2P1,SNC2P1,TGJ2O1,ZLUN21,11
"Sutton, Darleen",F,222050250,12,ENG4C1,HIP4O1,MAP4C1,TEJ4M1,TFJ3C1,TFJ4C1,ZLUN41,ZLUN42,,,8
"Heckendora, Creighton",M,573702322,11,CHW3M1,COP3X9,ENG3U1,MCR3U1,SBI3U1,ZLUN31,ZLUN32,,,,7
"Mildred, Elle",M,343165326,12,AVI4M1,AWM4M1,CHY4C1,ENG4U1,MAP4C1,PPL4O1,ZLUN41,ZLUN42,,,8
"Garland, Rudolph",M,824714161,10,CHC2D1,CIVCAR,ENG2D1,FSF2D1,MFM2P1,PPL2O8,SNC2D1,ZLUN21,ZLUN22,,9
"Reese, Jep",M,316344470,9,CGC1D1,ENG1D1,FSF1D1,GLE1O1,MPM1D1,PPL1O9,SNC1D1,TIJ1O1,ZLUN11,ZLUN12,10
"Gleper, Mavis",F,504316562,10,ADA2O1,CHC2D1,CIVCAR,ENG2D1,GLE2O1,MFM2P1,PPL2O9,SNC2D1,ZLUN21,ZLUN22,10
"Wolfe, Kenny",F,928132005,9,ADA1O1,BTT1O1,CGC1D1,ENG1D1,FSF1D1,MFM1P1,PPL1O8,SNC1D1,ZLUN11,ZLUN12,10
"Hastings, Sybil",M,954197922,12,BAF3MC,ZLUN41,,,,,,,,,2
"Holts, Leeann",F,900191011,10,AVI2O1,CGD3M1,CHC2D1,CIVCAR,ENG2D1,MPM2D1,PPL2O8,SNC2D1,ZLUN21,ZLUN22,10
"Erskine, Peony",M,869261919,12,CGR4M=,SHAL.1,,,,,,,,,2
"Gottwine, Topsy",F,946414925,9,ADA1O1,CGC1D1,ESLBO1,ESLDO1,HFN1O1,MFM1P1,PPL1O8,SNC1D1,ZLUN11,ZLUN12,10
"Howard, Timotha",M,708017356,9,CGC1D1,ENG1D1,FSF1D1,HFN1O1,MPM1D1,PPL1O9,SNC1D1,TGJ1O1,ZLUN11,ZLUN12,10
"Giesen, Osbourne",F,975576812,11,AVI3M1,AWQ3O1,CLU3M1,ENG3C1,MBF3C1,PPL3O1,TCJ2O2,TFJ3C1,ZLUN31,ZLUN32,10
"Turzanski, Chelsey",F,598564709,12,ENG4U1,HZT4U1,MDM4U1,PPL4O1,PSE4U1,SBI4U1,SCH4U1,ZLUN41,ZLUN42,,9
"Bruxner, Donella",F,155337964,12,ENG3CT,ENG4C1,MAP4C1,OLC4O1,TFJ2OT,ZLUN41,ZLUN42,,,,7
"Field, Jeremy",F,149681049,12,MCT4C1,SCH4C1,ZLUN41,ZSM1..,,,,,,,4
"Kadel, August",F,625412748,9,AMI1O2,BTT1O1,CGC1D1,ENG1D1,FSF1D1,MPM1D1,PPL1O9,SNC1D1,ZLUN11,ZLUN12,10
"Swink, Sammy",M,839766097,10,ADA2O1,BBI2O1,CHC2D1,CIVCAR,ENG2D1,MFM2P1,PPL2O9,SNC2D1,ZLUN21,ZLUN22,10
"Bell, Terence",F,158807322,12,AMI4M1,AMR4M1,ENG4U1,ETS4U1,HIP4O1,MDM4U1,PAF4O1,SES4U1,ZLUN41,ZLUN42,10
"Pratt, Indy",M,806900492,12,BBI2O1,ENG4E1,HHG4M1,HIP4O1,MEL4E1,PAF4O1,SBI3C1,SCH4C1,SHAL.1,ZLUN41,11
"Siegrist, Adelle",M,268503690,9,AVI1O1,CGC1D1,ENG1D1,FSF1D1,MPM1D1,PPL1O9,SNC1D1,TIJ1O1,ZLUN11,ZLUN12,10
"Simpson, Braidy",F,348970266,11,COP3X0,ENG3U1,MCR3U1,PPL3O1,SBI3U1,SCH3U1,SPH3U1,ZLUN31,ZLUN32,,9
"Munshower, Evaline",F,147084476,12,ENG4U1,HSB4U1,MCV4U1,MHF4U1,SBI4U1,SCH4U1,ZLUN41,ZLUN42,,,8
"Buzzard, Lexa",F,785635411,11,CGF3M1,CLU3M1,ENG3C1,HSP3C1,MEL4E1,PAF3O1,PPL3O1,SBI3C1,ZLUN31,ZLUN32,10
"Overstreet, Eleanora",F,473742599,12,BAT4M1,BBB4M1,CIA4U1,ENG4U1,MCV4U1,MDM4U1,MHF4U1,PPL4O1,ZLUN41,ZLUN42,10
"Moberly, Anna",M,903211428,10,CHC2D1,CHV2O1,ENG2D1,GLC2O1,MPM1D1,MPM2D1,SNC2D1,SNC2P1,TGJ2O1,ZLUN21,11
"Rawls, Shantelle",F,869613982,10,ASM2O1,CGD3M1,CHC2D1,CIVCAR,ENG2D1,MPM2D1,PPL2O8,SNC2D1,ZLUN21,ZLUN22,10
"Taggart, Everett",F,572248192,9,AVI1O1,CGC1D1,ENG1D1,FSF1D1,MFM1P1,PPL1O9,SNC1D1,TIJ1O1,ZLUN11,ZLUN12,10
"Reed, Scarlett",F,681986187,12,CGR4M=,SHAL.1,,,,,,,,,2
"Eisenhart, Stephanie",M,923742297,10,BBI2O1,CHC2PV,CHV2O1,GLC2O1,MPM1D1,PPL2O8,SNC2D1,SNC2PV,SVN3M1,ZLUN21,11
"Fuller, Tex",F,869093441,12,BAT4M1,BBB4M1,CLN4U1,ENG4U1,FSF4U1,HSB4U1,ZLUN41,ZLUN42,,,8
"Park, Colin",M,379862316,11,BAF3M1,CLU3M1,COP3X0,FSF3U1,HSP3U1,MCR3U1,ZLUN31,ZLUN32,,,8
"Schuck, Margo",M,286743036,11,ENG2PT,ENG3C1,MBF3C1,PPL3O1,TCJ2OT,TCJ3C1,ZLUN31,ZLUN32,,,8
"Fiddler, Gareth",F,425174358,12,AWM4M1,ENG3C1,ENG4C1,OLC4O1,PAF4O1,TFJ3C1,TGJ3M1,ZLUN41,ZLUN42,,9
"Jewell, Lawrence",F,425289980,9,CGC1D1,ENG1D1,FSF1D1,HFN1O1,MPM1D1,PPL1O9,SNC1D1,TGJ1O1,ZLUN11,ZLUN12,10
"Polson, Vikki",M,750407274,10,BBI2O1,CGD3M1,CHC2D1,CIVCAR,ENG2D1,MPM2D1,PPL2O8,SNC2D1,ZLUN21,ZLUN22,10
"Coveney, Eireann",M,335673682,9,CGC1D1,ENG1D1,FSF1D1,MPM1D1,PPL1O9,SNC1D1,TGJ1O1,TIJ1O1,ZLUN11,ZLUN12,10
"Catleay, Wallis",M,424266045,12,ENG4U1,MDM4U1,MHF4U1,PPL4O1,PSE4U1,SBI4U1,SCH4U1,ZLUN41,ZLUN42,,9
"Barrett, Bernetta",F,920990440,9,CGC1D1,ENG1D1,FSF1D1,HFN1O1,MPM1D1,PPL1O9,SNC1D1,TIJ1O1,ZLUN11,ZLUN12,10
"Leach, Liz",M,951317134,10,ASM2O1,CHC2D1,CIVCAR,ENG2D1,FSF2D1,MPM2D1,SNC2D1,TFJ2O1,ZLUN21,ZLUN22,10
"Compton, Rolph",M,325235775,11,BMI3C1,COP3X4,COP3X5,ENG3C1,NBV3C1,TFJ3C1,ZLUN31,ZLUN32,,,8
"Schofield, Unity",M,196423938,10,CHC2D1,ENG2D1,FSF1D1,MPM2D1,SNC2D1,TCJ2O2,ZLUN21,,,,7
"Ledgerwood, Reanna",F,516145679,9,AVI1O1,CGC1P1,ENG1P1,GLE1O1,MFM1P1,PPL1O9,SNC1P1,TIJ1O1,ZLUN11,ZLUN12,10
"Woodward, Isabel",F,494409319,10,AVI2O1,BBI2O1,CHC2D1,CIVCAR,ENG2D1,MFM2P1,PPL2O8,SNC2D1,ZLUN21,ZLUN22,10
"Jardine, Jeanna",F,215642549,9,AVI1O1,CGC1D1,ENG1D1,FSF1D1,MPM1D1,PPL1O8,SNC1D1,TGJ1O1,ZLUN11,ZLUN12,10
"Newbiggin, Janina",F,903741421,9,AVI1O1,BTT1O1,CGC1D1,ENG1D1,FSF1D1,MPM1D1,PPL1O8,SNC1D1,ZLUN11,ZLUN12,10
"Clarke, Olivia",M,114125447,12,ADA4M1,CHY4U1,CLN4U1,ENG4U1,HHG4M1,HSB4U1,MBF3C1,TFJ4C1,ZLUN41,ZLUN42,10
"Dale, Caryn",M,722127328,12,AMI4M1,BBB4M1,ENG4U1,EWC4U1,HHG4M1,MDM4U1,PPL4O1,ZLUN41,ZLUN42,,9
"Baum, Timmy",F,700358294,12,FSF4U1,HFA4U1,PAF4O1,ZLUN41,ZSM1..,,,,,,5
"Harshman, Allegria",M,997046694,9,ADA1O1,CGC1D1,ENG1D1,FSF1D1,HFN1O1,MPM1D1,PPL1O8,SNC1D1,ZLUN11,ZLUN12,10
"Gisiko, Reina",F,483991628,12,BAT4M1,ENG4U1,FSF4U1,HHG4M1,HHS4U1,MHF4U1,PSE4U1,ZLUN41,ZLUN42,,9
"Ramos, Acacia",M,968203783,10,CHC2P1,CIVCAR,ENG2D1,MFM2P1,PPL2O9,SNC2D1,TEJ2O1,TGJ2O1,ZLUN21,ZLUN22,10
"Churchill, Marius",F,537138173,11,COP3X6,ENG3C2,GPP3O2,MEL3E1,NBV3C1,PAD3O2,PAF3O1,PPL3O2,TFJ3C1,YYY4X1,11
"Soames, Ambrosine",F,431200146,11,AMR3M1,CHW3M1,ENG3U1,FSF3U1,HSP3U1,MCR3U1,SBI3U1,SCH3U1,SPH3U1,ZLUN31,11
"Mayers, Calista",M,290196631,12,COP4X4,COP4X5,ENG4U1,MDM4U1,PPL4O1,ZLUN41,ZLUN42,,,,7
"Whirlow, Latanya",F,912281447,12,CHY4U1,ENG4C1,MCT4C1,MDM4U1,PAF4O1,SBI4U1,SCH4U1,ZLUN41,ZLUN42,,9
"Metzer, Jarod",F,718104175,9,ADA1O1,AVI1O1,CGC1D1,ENG1D1,FSF1D1,MFM1P1,PPL1O8,SNC1D1,ZLUN11,ZLUN12,10
"Kern, Basil",F,251481910,12,BAT4M1,CLN4U1,ENG4U1,HHG4M1,HIP4O1,HPC3O1,MAP4C1,PAF4O1,ZLUN41,ZLUN42,10
"White, Magnus",F,477986320,12,TFJ3CC,ZLUN41,ZSM1..,,,,,,,,3
"Bryan, Hopkin",M,231358500,10,ADA2O1,CHC2D1,CHV2O1,ENG2D1,FSF2D1,GLC2O1,MFM2P1,SNC2D1,SVN3M1,ZLUN21,11
"Monahan, Scout",F,141870356,10,ASM2O1,AVI2O1,CHC2D1,CIVCAR,ENG2D1,MFM2P1,PPL2O8,SNC2D1,ZLUN21,ZLUN22,10
"Stanfield, Kaety",F,324499469,11,AVI3M1,BMI3C1,COP3X0,ENG3U1,HSP3U1,MBF3C1,NBV3C1,ZLUN31,ZLUN32,,9
"Chauvin, Merle",F,770965516,9,AVI1O1,BTT1O1,CGC1D1,ENG1D1,FSF1D1,MPM1D1,PPL1O8,SNC1D1,ZLUN11,ZLUN12,10
"Tillson, Sanford",F,985944844,10,BBI2O1,CHC2D1,CIVCAR,ENG2D1,MCR3U1,MPM2D1,SNC2D1,TFJ2O1,ZLUN21,ZLUN22,10
"Hatch, Easter",F,406019102,11,BMI3C1,CHW3M1,CLU3M1,ENG3U1,FSF3U1,HSP3U1,MCF3M1,NBV3C1,ZLUN31,ZLUN32,10
"Mccrady, Ludmilla",M,195375465,9,CGC1D1,ENG1D1,FSF1D1,MPM1D1,PPL1O9,SNC1D1,TGJ1O1,TIJ1O1,ZLUN11,ZLUN12,10
"Gist, Shell",F,400292835,12,CGW4U1,ENG4U1,EWC4U1,FSF4U1,HSB4U1,HZT4U1,MDM4U1,ZLUN41,ZLUN42,,9
"Hardie, Annmarie",M,232211373,9,ADA1O1,CGC1D1,ENG1D1,FSF1P1,MPM1D1,PPL1O9,SNC1D1,TGJ1O1,ZLUN11,ZLUN12,10
"Tue, Kaylyn",F,377375096,11,CLU3M1,COP3X6,ENG3C2,GPP3O2,MEL3E1,NBV3C1,PAD3O2,PAF3O1,PPL3O2,YYY4X1,11
"Nicola, Flip",F,561099680,10,BBI2O1,CHC2D1,CIVCAR,ENG2D1,MPM2D1,PPL2O9,SNC2D1,TGJ2O1,ZLUN21,ZLUN22,10
"Nabholz, Maura",M,363944643,12,ENG3CB,ENG4CK,MFM2PO,,,,,,,,3
"Hall, Kolby",F,414892139,9,AMI1O2,CGC1P1,ENG1P1,FSF1P1,HFN1O1,MFM1P1,PPL1O9,SNC1P1,ZLUN11,ZLUN12,10
"Burkett, Macie",M,917037213,10,ASM2O1,CHC2P1,CIVCAR,ENG2D1,FSF2D1,MPM2D1,PPL2O9,SNC2D1,ZLUN21,ZLUN22,10
"Harding, Daffodil",M,525113105,12,CHY4U1,CLN4U1,ENG4U1,ETS4U1,EWC4U1,HRT3M1,HSB4U1,MDM4U1,ZLUN41,ZLUN42,10
"Jenner, Bob",M,575181778,10,CGD3M1,CHC2D1,CIVCAR,ENG2D1,FSF2D1,MPM2D1,PPL2O8,SNC2D1,ZLUN21,ZLUN22,10
"Wheeler, Ronnie",F,815430411,10,BBI2O1,CHC2D1,CIVCAR,ENG2D1,MPM2D1,PPL2O8,SNC2D1,TFJ2O1,ZLUN21,ZLUN22,10
"Sandys, Honour",F,467738715,12,CGW4U1,CHY4U1,CLN4U1,ENG4U1,HHG4M1,HSB4U1,HZT4U1,MDM4U1,ZLUN41,ZLUN42,10
"Zeal, Myriam",M,485199714,10,ASM2O1,AVI2O1,CHC2D1,CIVCAR,ESLDO1,MPM2D1,PPL2O9,SNC2D1,ZLUN21,ZLUN22,10
"Newlove, Tania",F,976982886,11,COP3X6,ENG3U2,GPP3O2,HSP3U1,MCR3U1,PAD3O2,PPL3O2,SBI3U1,SPH3U1,YYY4X1,11
"Leech, Darnell",M,810100035,11,ENG2DC,ENG3C1,GLE3O1,MEL3E1,NBV3C1,SBI3C1,SVN3M1,ZLUN31,ZLUN32,,9
"Dickson, Sapphira",M,483855646,12,HFA4U1,HHG4M1,MDM4U1,ZLUN41,ZSM1..,,,,,,5
"Omara, Ariana",M,831466428,10,AVI2O1,AWQ3O1,CHC2P1,CIVCAR,ENG2P1,MAT2L1,PPL2O8,SNC2P1,ZLUN21,ZLUN22,10
"Caldwell, Carine",M,116917295,10,AMI1O2,BBI2O1,BTT1O1,CHC2P1,ESLDO1,ESLEO1,MCR3U1,SPH3U1,ZLUN31,ZLUN32,10
"Highlands, Shonda",F,621866956,12,CIA4U1,CLN4U1,ENG4U1,MCV4U1,MHF4U1,SBI4U1,SCH4U1,SPH4U1,ZLUN41,ZLUN42,10
"Sandford, Sydney",M,626285684,12,ENG4U1,HFA4U1,MCV4U1,MDM4U1,SPH4U1,TFJ2O1,ZLUN41,ZLUN42,,,8
"Blois, Silvester",F,774484854,10,BBI2O1,CHC2D1,CIVCAR,ENG2D1,ESLDO1,MCR3U1,SNC2P1,TFJ2O1,ZLUN21,ZLUN22,10
"Adcock, Samantha",M,725120111,11,CLU3M1,ENG3U1,HRT3M1,HSP3U1,LWSBD1,MCF3M1,SES4U1,SHAL.1,ZLUN31,ZLUN32,10
"Knapenberger, Ginette",F,755657552,10,ADA1O1,BBI2O1,CGC1D1,CIVCAR,ESLAO1,ESLBO1,MPM2D1,SNC2D1,ZLUN21,ZLUN22,10
"Fonblanque, Mabelle",M,460923491,11,AMR3M1,CLU3M1,ENG3U1,FSF3U1,HSP3U1,MCR3U1,SBI3U1,SCH3U1,SPH3U1,ZLUN31,11
"Bryant, Rue",M,533033572,10,ASM2O1,BBI2O1,CIVCAR,ENG2D1,FSF2D1,MPM2D1,PPL2O8,SNC2D1,ZLUN21,ZLUN22,10
"Newton, Duke",M,208823551,11,CGF3M1,ENG3U1,FSF3U1,MCR3U1,PPL3O1,SBI3U1,SCH3U1,SPH3U1,ZLUN31,ZLUN32,10
"Clark, Lolicia",F,705500296,12,BOH4M1,CIA4U1,CLN4U1,ENG4U1,HSB4U1,HSP3U1,HZT4U1,ZLUN41,ZLUN42,,9
"Keener, Vaughn",F,816886974,12,AWQ3O1,ENG4U1,ETS4U1,HSP3U1,MCF3M1,SBI3U1,SBI4U1,SCH4U1,ZLUN41,,9
"Wall, Leann",M,382986850,10,CHC2P1,CIVCAR,ENG2P1,GLE2O1,MAT2L1,PPL2O9,SNC2P1,TGJ2O1,ZLUN21,ZLUN22,10
"Buehler, Tilly",F,292881400,10,BBI2O1,CHC2P1,CIVCAR,ENG2D1,MFM2P1,SNC2P1,TCJ2O2,TFJ2O1,ZLUN21,ZLUN22,10
"Kelley, Blossom",M,657959693,11,COP3X6,ENG3U2,GPP3O2,HSP3U1,MCR3U1,PAD3O2,PPL3O2,SBI3U1,TWJ3E1,YYY4X1,11
"Todd, Crispian",M,370845598,11,CGF3M1,CHW3M1,COP3X6,ENG3U2,GPP3O2,MCR3U1,PAD3O2,PPL3O2,SPH3U1,YYY4X1,11
"Ulery, Hugo",F,941375282,9,ADA1O1,CGC1P1,ENG1P1,FSF1P1,HFN1O1,MFM1P1,PPL1O9,SNC1P1,ZLUN11,ZLUN12,10
"Kiefer, Lilia",F,839032038,9,AMV1O1,BTT1O1,CGC1D1,ENG1D1,FSF1D1,MPM1D1,PPL1O8,SNC1D1,ZLUN11,ZLUN12,10
"Mang, Ralphie",M,565441074,11,BTA3O1,ENG2PC,ENG3C1,GLE3O1,MEL3E1,PPL3O1,TGJ3M1,ZLUN31,ZLUN32,,9
"Ling, Laila",M,662467834,12,AVI2O1,CHW3M1,ENG4C1,GLE4O1,HIP4O1,MAP4C1,NBV3C1,ZLUN41,ZLUN42,,9
"Faust, Twyla",M,894495893,12,CHY4U1,CLN4U1,ENG4U1,EWC4U1,HSB4U1,MDM4U1,PPL4O1,ZLUN41,ZLUN42,,9
"James, Corie",F,307879911,10,CHC2D1,CIVCAR,ENG2D1,FSF2D1,MPM2D1,PPL2O9,SNC2D1,TEJ2O1,ZLUN21,ZLUN22,10
"Saylor, Dena",M,995369129,11,ADA3M1,ENG3C1,GLE3O1,HPC3O1,HRT3M1,MBF3C1,NBV3C1,TFJ3C1,ZLUN31,ZLUN32,10
"Elless, Briony",F,637299502,11,CLU3M1,ENG3U1,HSP3U1,MCF3M1,NBV3C1,PAF3O1,SBI3U1,SCH3U1,ZLUN31,ZLUN32,10
"Ironmonger, Heather",M,453481195,12,COP4X4,COP4X5,ENG4C1,MCT4C1,TCJ4C1,ZLUN41,ZLUN42,,,,7
"Morgan, Sage",F,495093725,9,AVI1O1,CGC1D1,ENG1D1,FSF1D1,MPM1D1,PPL1O9,SNC1D1,TIJ1O1,ZLUN11,ZLUN12,10
"Shupe, Rosalind",F,522337130,10,ASM2O1,AVI2O1,CHC2P1,CIVCAR,ENG2P1,MAT2L1,SNC2P1,TFJ2O1,ZLUN21,ZLUN22,10
"Koepple, Sabella",F,488909455,12,ENG4C1,ICS4C1,MAP4C1,PAF3O1,PAF4O1,SHAL.2,TDJ4M1,TFJ3C1,ZLUN41,,9
"Littlefield, Nola",M,278737701,9,ADA1O1,AMV1O1,CGC1D1,ENG1D1,FSF1D1,MFM1P1,PPL1O8,SNC1D1,ZLUN11,ZLUN12,10
"Henry, Rhetta",M,963915066,9,AVI1O1,CGC1D1,ENG1D1,FSF1D1,HFN1O1,MPM1D1,PPL1O8,SNC1D1,ZLUN11,ZLUN12,10
"Chappel, Hardy",F,803937226,11,BAF3M1,CLU3M1,COP3X6,ENG3C2,GPP3O2,HIP4O1,MBF3C1,PAD3O2,PPL3O2,YYY4X1,11
"Sealis, Ian",F,295303961,10,ADA1O1,ADA2O1,CHC2P1,CIVCAR,ENG2D1,MFM2P1,PPL2O9,SNC2D1,ZLUN21,ZLUN22,10
"Beail, Natalie",F,464945476,10,ADA2O1,BBI2O1,CHC2D1,CIVCAR,ENG2D1,MPM2D1,PPL2O9,SNC2D1,ZLUN21,ZLUN22,10
"Holdeman, Carola",M,868666488,12,CHY4U1,ENG4U1,EWC4U1,FSF4U1,HSB4U1,HZT4U1,ZLUN41,ZLUN42,,,8
"Milliron, Yolanda",M,578226753,10,ASM2O1,CHC2D1,CIVCAR,ENG2D1,MPM2D1,SNC2D1,TCJ2O2,TFJ2O1,ZLUN21,ZLUN,10
