ADA1O1,Dramatic Arts,9,,,,,,,,,,,,,,,,,,,
ADA2O1,Dramatic Arts,10,,,,,,,,,,,,,,,,,,,
ADA3M1,Dramatic Arts,11,ADA1O1,ADA2O1 ,,,,,,,,,,,,,,,,,
ADD3M1,Dramatic Arts - PRODUCTION,11,ADA1O1,ADA2O2,,,,,,,,,,,,,,,,,
ADA4M1,Dramatic Arts,12,ADA3M1,ADD3M1 ,,,,,,,,,,,,,,,,,
ADG4M1,Dramatic Arts - ACTING,12,ADA3M2,ADD3M2,,,,,,,,,,,,,,,,,
AMI1O1,Beginning Instrumental,9,,,,,,,,,,,,,,,,,,,
AMI1O2,Advanced Instrumental Music Performance (Students with Previous Experience) - Band,9,,,,,,,,,,,,,,,,,,,
AMR1O1,Music Repertoire,9,,,,,,,,,,,,,,,,,,,
AMV1O1,Vocal,9,,,,,,,,,,,,,,,,,,,
AMG2O1,Beginning Guitar,10,,,,,,,,,,,,,,,,,,,
AMI2O1,Instrumental,10,AMI1O1,AMI1O2,AMR1O1,,,,,,,,,,,,,,,,
AMR2O1,Music Repertoire,10,AMI1O1,AMI1O2,AMR1O2,AMV1O1,,,,,,,,,,,,,,,
AMV2O1,Vocal,10,,,,,,,,,,,,,,,,,,,
AMI3M1,Instrumental Music - Band,11,AMI1O1,AMI1O2,AMI2O1,,,,,,,,,,,,,,,,
AMR3M1,Music Repertoire,11,AMI1O1,AMI1O2,AMI2O2,AMR2O1,AMV2O1,,,,,,,,,,,,,,
AMV3M1,Music - Vocal/Choral,11,AMV2O1,AMI1O1,AMI1O2,AMI2O1,,,,,,,,,,,,,,,
AMI4M1,Instrumental Music Band,12,AMI3M1,,,,,,,,,,,,,,,,,,
AMR4M1,Music Repertoire,12,AMR3M1,AMI3M1,AMV3M1,,,,,,,,,,,,,,,,
AMV4M1,Music - Vocal/Choral,12,AMV3M1,,,,,,,,,,,,,,,,,,
AVI1O1,Visual Arts - An Introduction to Art,9,,,,,,,,,,,,,,,,,,,
ASM2O1,Media Arts - Conceptual Art,10,,,,,,,,,,,,,,,,,,,
AVI2O1,Visual Arts - Traditional Fine Art,10,,,,,,,,,,,,,,,,,,,
AVI3M1,Visual Arts - Traditional Fine Art,11,AVI1O1,AVI2O1,,,,,,,,,,,,,,,,,
AVI3O1,Art for the Non-Artist,11,,,,,,,,,,,,,,,,,,,
AWQ3O1,Digital Photography,11,AVI1O1,AVI2O1,ASM2O1,,,,,,,,,,,,,,,,
AWT3O1,Conceptual Art,11,AVI1O1,AVI2O1,ASM2O1,,,,,,,,,,,,,,,,
AVI4M1,Visual Arts,12,AVI3M1,,,,,,,,,,,,,,,,,,
AWM4M1,Portfolio Development,12,AVI4M1,AVI3M1,,,,,,,,,,,,,,,,,
AWT4M1,Installation Art - Conceptual Art,12,AWT3O1,AVI3M1,,,,,,,,,,,,,,,,,
BTT1O1,Information and Communication Technology in Business,9,,,,,,,,,,,,,,,,,,,
BBI2O1,Introduction to Business,10,,,,,,,,,,,,,,,,,,,
BAI3E1,Accounting Essentials,11,,,,,,,,,,,,,,,,,,,
BDI3C1,Entrepreneurship: The Venture,11,,,,,,,,,,,,,,,,,,,
BMI3C1,Introduction to Marketing,11,,,,,,,,,,,,,,,,,,,
BAF3M1,Fundamental Accounting Practices,11,,,,,,,,,,,,,,,,,,,
CLU3M1,Understanding Canadian Law,11,CHC2D1,CHC2P1,,,,,,,,,,,,,,,,,
BTA3O1,Introduction to Tech Applications in Business,11,,,,,,,,,,,,,,,,,,,
BAN4E1,Accounting for a Small Business,12,BAI3E1,,,,,,,,,,,,,,,,,,
BOG4E1,Managing a Small Business,12,,,,,,,,,,,,,,,,,,,
BAT4M1,Financial Accounting Principles,12,BAF3M1,,,,,,,,,,,,,,,,,,
BBB4M1,International Business Fundamentals,12,,,,,,,,,,,,,,,,,,,
BOH4M1,Organizational Behaviour and Human Resources,12,ENG3C1,ENG3C2,ENG3U1,ENG3U2,,,,,,,,,,,,,,,
CIA4U1,Analysing Current Economic Issues,12,,,,,,,,,,,,,,,,,,,
CLN4U1,Canadian & International Law,12,,,,,,,,,,,,,,,,,,,
CGC1P1,Geography of Canada,9,,,,,,,,,,,,,,,,,,,
CGC1PV,Issues in Canadian Geography,9,,,,,,,,,,,,,,,,,,,
CGC1D1,Geography of Canada,9,,,,,,,,,,,,,,,,,,,
CGU211,Exploring Eurasia,10,CGC1D1,CGC1P1,,,,,,,,,,,,,,,,,
CGF3M1,"Physical Geography: Patterns, Processes & Interaction",11,CGC1D1,CGC1P1,,,,,,,,,,,,,,,,,
CGG3O1,Regional Geography: Travel & Tourism,11,CGC1D1,CGC1P1,,,,,,,,,,,,,,,,,
CGR4E1,The Environment and Resource Management,12,CGC1D1,CGC1P1,,,,,,,,,,,,,,,,,
CGR4M1,The Environment and Resource Management,12,,,,,,,,,,,,,,,,,,,
CGW4U1,Canadian and World Issues: A Geographic Analysis,12,,,,,,,,,,,,,,,,,,,
IDC4O1,Natural Hazards & Disasters,12,CGF3M1,CGR4M1,CGW4U1,SES4U1,ENG3C1,ENG3U1,ENG4C1,ETS4U1,EWC4U1,HRT3M1,HHG4M1,HZT4U1,CHA3U1,CHW3M1,CHI4U1,CHY4U1,NBV3C1,ENG3C2,ENG3U2
CHC2P1,Canadian History Since World War One,10,,,,,,,,,,,,,,,,,,,
CHC2PV,Canadian History Since World War I,10,,,,,,,,,,,,,,,,,,,
CHC2D1,Canadian History Since World War One,10,,,,,,,,,,,,,,,,,,,
CHC2L1,Canadian History Since World War 1,10,,,,,,,,,,,,,,,,,,,
CIVCAR,Civics and Careers,,,,,,,,,,,,,,,,,,,,
HSP3C1,"Introduction to Anthropology, Psychology, & Sociology",11,ENG2D1,ENG2P1,ENG2PV,,,,,,,,,,,,,,,,
NBV3C1,"Aboriginal Beliefs, Values, and Aspirations in Contemporary Society",11,CHC2D1,CHC2P1,,,,,,,,,,,,,,,,,
CHW3M1,World History to the End of the 15th Century,11,CHC2D1,CHC2P1,,,,,,,,,,,,,,,,,
HRT3M1,"World Religion: Beliefs, Issues and Religious Traditions",11,CHC2D1,CHC2P1,,,,,,,,,,,,,,,,,
CHA3U1,American History,11,CHC2D1,,,,,,,,,,,,,,,,,,
HSP3U1,"Introduction to Anthropology, Psychology & Sociology",11,ENG2D1,,,,,,,,,,,,,,,,,,
IDC3O1,Twentieth Century History Through Film,11,CHC2D1,CHC2P1,,,,,,,,,,,,,,,,,
CHM4E1,Adventures in World History,12,CHC2D1,CHC2P1,,,,,,,,,,,,,,,,,
CHY4C1,World History since the Fifteenth Century,12,,,,,,,,,,,,,,,,,,,
CHI4U1,"Canada: History, Identity, and Culture",12,,,,,,,,,,,,,,,,,,,
CHY4U1,World History Since the 15th Century,12,,,,,,,,,,,,,,,,,,,
HSB4U1,Challenge and Change in Society,12,,,,,,,,,,,,,,,,,,,
HZT4U1,Philosophy: Questions and Theories,12,,,,,,,,,,,,,,,,,,,
COP4X4,Grade 12 Co-op - Full day (semester two),12,COP4X5,,,,,,,,,,,,,,,,,,
COP4X5,Grade 12 Co-op - Full day (semester two),12,COP4X4,,,,,,,,,,,,,,,,,,
COP3X4,Grade 11 Co-op - Full day (semester two),11,COP3X5,,,,,,,,,,,,,,,,,,
COP3X5,Grade 11 Co-op - Full day (semester two),11,COP3X4,,,,,,,,,,,,,,,,,,
COP4X4,Grade 12 Co-op - Full day (semester two),12,COP4X5,,,,,,,,,,,,,,,,,,
COP4X5,Grade 12 Co-op - Full day (semester two),12,COP4X4,,,,,,,,,,,,,,,,,,
COP3X0,Grade 11 Co-op - Half day,11,,,,,,,,,,,,,,,,,,,
COP3X1,Grade 11 Co-op - Full day (semester one),11,,,,,,,,,,,,,,,,,,,
COP3X2,Grade 11 Co-op - Full day (Semester one),11,COP3X1,,,,,,,,,,,,,,,,,,
COP3X4,Grade 11 Co-op - Full day (semester two),11,COP3X5,,,,,,,,,,,,,,,,,,
COP3X5,Grade 11 Co-op - Full day (semester two),11,COP3X4,,,,,,,,,,,,,,,,,,
COP4X0,Grade 12 Co-op - Half day,12,,,,,,,,,,,,,,,,,,,
COP4X1,Grade 12 Co-op - Full day (semester one),12,COP4X2,,,,,,,,,,,,,,,,,,
COP4X2,Grade 12 Co-op - Full day (semester one),12,COP4X1,,,,,,,,,,,,,,,,,,
COP4X4,Grade 12 Co-op - Full day (semester two),12,,,,,,,,,,,,,,,,,,,
COP4X5,Grade 12 Co-op - Full day (semester two),12,,,,,,,,,,,,,,,,,,,
ICS2O1,Introduction to Computer Studies,10,,,,,,,,,,,,,,,,,,,
ICS3C1,Introduction to Computer Science,11,,,,,,,,,,,,,,,,,,,
ICS3U1,Introduction to Computer Science,11,,,,,,,,,,,,,,,,,,,
ICS4C1,Computer Programming,12,ICS3C1,,,,,,,,,,,,,,,,,,
ICS4U1,Computer Science,12,ICS3U1,,,,,,,,,,,,,,,,,,
ENG1L1,English - Locally Developed,9,,,,,,,,,,,,,,,,,,,
ENG1P1,English,9,,,,,,,,,,,,,,,,,,,
ENG1PV,Language Intensive English,9,,,,,,,,,,,,,,,,,,,
ENG1D1,English,9,,,,,,,,,,,,,,,,,,,
ESLAO1,"English as a Second Language, Level 1",,,,,,,,,,,,,,,,,,,,
ENG2L1,English - Locally Developed,10,,,,,,,,,,,,,,,,,,,
ENG2P1,English,10,ENG1D1,ENG1P1,ENG1PV,ESLDO1,ESLEO1,,,,,,,,,,,,,,
ENG2PV,Language Intensive English,10,ENG1PV,,,,,,,,,,,,,,,,,,
ENG2D1,English,10,ENG1D1,ENG1P1,ESLDO1,ESLEO1,,,,,,,,,,,,,,,
ESLBO1,"English as a Second Language, Level 2",,ESLAO1,,,,,,,,,,,,,,,,,,
ENG3E1,English,11,ENG2D1,ENG2P1,ENG2P1,ENG2PV,ESLDO1,,,,,,,,,,,,,,
ENG3C1,English,11,ENG2D1,ENG2P1,ENG2PV,ESLEO1,,,,,,,,,,,,,,,
ENG3C2,Outdoor Adventure Leadership Program - COLLEGE LEVEL ENGLISH,11,ENG2P1,ENG2D1,ENG2PV,ESLEO1,,,,,,,,,,,,,,,
ENG3U1,English,11,ENG2D1,ESLEO1,ESLEO1,,,,,,,,,,,,,,,,
ENG3U2,Outdoor Adventure Leadership Program - UNIVERSITY LEVEL ENGLISH,11,ENG2D1,ESLEO1,,,,,,,,,,,,,,,,,
NBE3U1,English: Contemporary Aboriginal Voices,11,ENG2D1,ENG2P1,ENG2PV,,,,,,,,,,,,,,,,
ESLCO1,"English as a Second Language, Level 3",,,,,,,,,,,,,,,,,,,,
ENG4E1,English,12,ENG3U1,ENG3C1,ENG3E1,ESLDO1,,,,,,,,,,,,,,,
ENG4C1,English,12,ENG3C1,ENG3U1,ENG3C2,ENG3U2,ESLEO1,,,,,,,,,,,,,,
ENG4U1,English,12,ENG3U1,ENG3U2,ESLEO1,,,,,,,,,,,,,,,,
ENG4UE,English - Advanced Placement,12,ENG3U1,ENG3U2,,,,,,,,,,,,,,,,,
ETS4U1,Studies in Literature - Children's,12,ENG3U1,ENG3U2,,,,,,,,,,,,,,,,,
EWC4U1,The Writer's Craft,12,ENG3U1,ENG3U2,,,,,,,,,,,,,,,,,
ESLDO1,"English as a Second Language, Level 4",,ESLCO1,,,,,,,,,,,,,,,,,,
ESLEO1,"English as a Secondary Language, Level 5",,ESLDO1,,,,,,,,,,,,,,,,,,
OLC4O1,Ontario Secondary School Literacy Course,12,,,,,,,,,,,,,,,,,,,
FSF1P1,Core French,9,,,,,,,,,,,,,,,,,,,
FSF1D1,Core French,9,,,,,,,,,,,,,,,,,,,
FSF2D1,Core French,10,FSF1D1,,,,,,,,,,,,,,,,,,
LWSBD1,International Languages - Beginning Spanish (offered alternate years) 2013-14,,,,,,,,,,,,,,,,,,,,
FSF3U1,Core French,11,FSF2D1,,,,,,,,,,,,,,,,,,
FSF4U1,Core French,12,FSF3U1,,,,,,,,,,,,,,,,,,
LWSDU1,International Languages - Third Year Spanish,,,,,,,,,,,,,,,,,,,,
ZSM1,No Second Semester Courses,9,,,,,,,,,,,,,,,,,,,
PPL1O8,Healthy Active Living Education - Female,9,,,,,,,,,,,,,,,,,,,
PPL1O9,Healthy Active Living Education - Male,9,,,,,,,,,,,,,,,,,,,
PPL2O8,Healthy Active Living Education - Female,10,,,,,,,,,,,,,,,,,,,
PPL2O9,Healthy Active Living Education - Male,10,,,,,,,,,,,,,,,,,,,
PAF3O1,Personal and Fitness Activities,11,,,,,,,,,,,,,,,,,,,
PPL3O1,Healthy Active Living Education,11,,,,,,,,,,,,,,,,,,,
PSE4U1,Exercise Science,12,,,,,,,,,,,,,,,,,,,
PAF4O1,Personal and Fitness Activities,12,PPL1O8,PPL1O9,PPL2O8,PPL2O9,PAD3O2,PAF3O1,PPL3O1,PPL3O2,,,,,,,,,,,
PPL4O1,Healthy Active Living Education,12,,,,,,,,,,,,,,,,,,,
MAT1L1,Math - Locally Developed,9,,,,,,,,,,,,,,,,,,,
MFM1P1,Foundation of Mathematics,9,,,,,,,,,,,,,,,,,,,
MFM1PV,Language Intensive Math,9,,,,,,,,,,,,,,,,,,,
MPM1D1,Principles of Mathematics,9,,,,,,,,,,,,,,,,,,,
MAT2L1,Math - Locally Developed,10,,,,,,,,,,,,,,,,,,,
MFM2P1,Math - Locally Developed,10,,,,,,,,,,,,,,,,,,,
MFM2P1,Foundation of Mathematics,10,MFM1P1,MPM1D1,,,,,,,,,,,,,,,,,
MFM2PV,Language Intensive Math,10,MFM1PV,,,,,,,,,,,,,,,,,,
MPM2D1,Principles of Mathematics,10,MPM1D1,,,,,,,,,,,,,,,,,,
MEL3E1,Mathematics for Work and Everyday Life,11,,,,,,,,,,,,,,,,,,,
MBF3C1,Foundations for College Mathematics,11,MPM2D1,MFM2P1,MFM2PV,,,,,,,,,,,,,,,,
MCF3M1,Functions and Applications,11,MPM2D1,MFM2P1,MFM2PV,,,,,,,,,,,,,,,,
MCR3U1,Functions University Preparation,11,MPM2D1,,,,,,,,,,,,,,,,,,
MEL4E1,Mathematics for Work and Everyday Life,12,MEL3E1,,,,,,,,,,,,,,,,,,
MAP4C1,Foundations for College Mathematics,12,MBF3C1,MCF3M1,MCR3U1,,,,,,,,,,,,,,,,
MCT4C1,Mathematics for College Technology,12,MCF3M1,MCR3U1,,,,,,,,,,,,,,,,,
MCV4U1,Calculus & Vectors,12,MHF4U1,,,,,,,,,,,,,,,,,,
MDM4U1,Mathematics of Data Management,12,MCR3U1,MCF3M1,,,,,,,,,,,,,,,,,
MHF4U1,Advanced Functions,12,MCT4C1,MCR3U1,,,,,,,,,,,,,,,,,
COP3X6,Grade 11 Co-op - 1-credit (semester two),11,,,,,,,,,,,,,,,,,,,
GPP3O2,Outdoor Adventure Leadership Program - LEADERSHIP AND PEER SUPPORT,11,,,,,,,,,,,,,,,,,,,
PAD3O2,Outdoor Adventure Leadership Program - HEALTHY ACTIVE LIVING,11,,,,,,,,,,,,,,,,,,,
PPL3O2,Outdoor Adventure Leadership Program - ELECTIVE HEALTHY ACTIVE LIVING,11,,,,,,,,,,,,,,,,,,,
SNC1L1,Science - Locally Developed,9,,,,,,,,,,,,,,,,,,,
SNC1P1,Science,9,,,,,,,,,,,,,,,,,,,
SNC1PV,Language Intensive Science,9,,,,,,,,,,,,,,,,,,,
SNC1D1,Science,9,,,,,,,,,,,,,,,,,,,
SNC2L1,Science - Locally Developed,10,,,,,,,,,,,,,,,,,,,
SNC2P1,Science,10,SNC1D1,SNC1P1,,,,,,,,,,,,,,,,,
SNC2PV,Language Intensive Science,10,SNC1PV,,,,,,,,,,,,,,,,,,
SNC2D1,Science,10,SNC1D1,SNC1P1,,,,,,,,,,,,,,,,,
SBI3C1,Biology,11,SNC2D1,SNC2P1,SNC2PV,,,,,,,,,,,,,,,,
SVN3M1,Environmental Science,11,SNC2D1,SNC2P1,SNC2PV,,,,,,,,,,,,,,,,
SBI3U1,Biology,11,SNC2D1,,,,,,,,,,,,,,,,,,
SCH3U1,Chemistry,11,SNC2D1,,,,,,,,,,,,,,,,,,
SPH3U1,Physics,11,SNC2D1,,,,,,,,,,,,,,,,,,
SCH4C1,Chemistry,12,SNC2D1,SNC2P1,SNC2PV,,,,,,,,,,,,,,,,
SPH4C1,Physics,12,SNC2D1,SNC2P1,SNC2PV,,,,,,,,,,,,,,,,
SBI4U1,Biology,12,SBI3U1,,,,,,,,,,,,,,,,,,
SCH4U1,Chemistry,12,SCH3U1,,,,,,,,,,,,,,,,,,
SES4U1,Earth and Space Science,12,SNC2D1,,,,,,,,,,,,,,,,,,
SPH4U1,Physics,11,SPH3U1,,,,,,,,,,,,,,,,,,
HFN1O1,Food & Nutrition,9,,,,,,,,,,,,,,,,,,,
HNL2O1,Clothing,10,,,,,,,,,,,,,,,,,,,
HLS3O1,Housing and Home Design,11,,,,,,,,,,,,,,,,,,,
HPC3O1,Raising Healthy Children,11,,,,,,,,,,,,,,,,,,,
HHS4C1,Families in Canada,12,,,,,,,,,,,,,,,,,,,
HHG4M1,Issues in Human Growth and Development,12,,,,,,,,,,,,,,,,,,,
HFA4U1,Nutrition and Health,12,,,,,,,,,,,,,,,,,,,
HHS4U1,Families in Canada,12,,,,,,,,,,,,,,,,,,,
HIP4O1,Personal Life Management,12,,,,,,,,,,,,,,,,,,,
KCWANZ,Life Skills,,,,,,,,,,,,,,,,,,,,
ELS2OZ,Literacy Skills,10,,,,,,,,,,,,,,,,,,,
GLE1OZ,Learning Strategies 1: Skills for Success in Secondary School,9,,,,,,,,,,,,,,,,,,,
KCWBNZ,Social Skills,,,,,,,,,,,,,,,,,,,,
EPS3OZ,Presentation and Speaking Skills,11,,,,,,,,,,,,,,,,,,,
GLE2OZ,Learning Strategies 1: Skills for Success in Secondary School,10,,,,,,,,,,,,,,,,,,,
TGJ1O1,Exploring Communications Technology,9,,,,,,,,,,,,,,,,,,,
TGJ2O1,Communications Technology,10,,,,,,,,,,,,,,,,,,,
TGJ3M1,Communications Technology,11,TGJ2O1,,,,,,,,,,,,,,,,,,
TGJ4M1,Communication Technology,12,,,,,,,,,,,,,,,,,,,
TEJ2O1,Computer Technology,10,,,,,,,,,,,,,,,,,,,
TEJ3M1,Computer Engineering Technology,11,,,,,,,,,,,,,,,,,,,
TEJ4M1,Computer Engineering Technology,12,TEJ3M1,,,,,,,,,,,,,,,,,,
TCJ2O1,Construction Technology,10,,,,,,,,,,,,,,,,,,,
TCJ3E1,Construction - Home Repair and Improvements,11,,,,,,,,,,,,,,,,,,,
TCJ3E2,Sheet Metal & Construction,11,,,,,,,,,,,,,,,,,,,
TCJ4E1,Construction Technology,12,,,,,,,,,,,,,,,,,,,
TCJ2O2,Construction Technology - Custom Woodworking Focus,10,,,,,,,,,,,,,,,,,,,
TWJ3E1,Custom Woodworking,11,,,,,,,,,,,,,,,,,,,
TWJ4E1,Custom Woodworking,12,TWJ3E1,,,,,,,,,,,,,,,,,,
TIJ1O1,Exploring Technologies,9,,,,,,,,,,,,,,,,,,,
TFJ2O1,Hospitality and Tourism - Cooking Focus,10,,,,,,,,,,,,,,,,,,,
TFJ3C1,Hospitality and Tourism - Event Planning,11,,,,,,,,,,,,,,,,,,,
TFJ4C1,Hospitality and Tourism,12,TFJ3C1,,,,,,,,,,,,,,,,,,
TDJ2O1,Technological Design,10,,,,,,,,,,,,,,,,,,,
TDJ3M1,Technological Design,11,,,,,,,,,,,,,,,,,,,
TDJ4M1,Technological Design,12,TDJ3M1,,,,,,,,,,,,,,,,,,
